<?xml version="1.0" encoding="UTF-8"?>
<doublecmd DCVersion="1.1.22 gamma" ConfigVersion="15">
  <Toolbars>
    <MainToolbar>
      <Row>
        <Command>
          <ID>{ED9CC4CA-509F-444C-ABC0-D099343DB5F2}</ID>
          <Icon>%COMMANDER_PATH%\WCMICONS.DLL,0</Icon>
          <Command>cm_Refresh</Command>
        </Command>
        <Separator>
          <Style>False</Style>
        </Separator>
        <Command>
          <ID>{86597A2C-5BE8-4736-AEDD-A0D4744B91F6}</ID>
          <Icon>%COMMANDER_PATH%\WCMICONS.DLL,3</Icon>
          <Command>cm_BriefView</Command>
        </Command>
        <Command>
          <ID>{72E42B62-1102-4E43-A068-3B642063C9F3}</ID>
          <Icon>%COMMANDER_PATH%\WCMICONS.DLL,4</Icon>
          <Command>cm_ColumnsView</Command>
        </Command>
        <Command>
          <ID>{7894EFE0-3CCA-40ED-86C0-A62565682292}</ID>
          <Icon>%COMMANDER_PATH%\WCMICONS.DLL,26</Icon>
          <Command>cm_ThumbnailsView</Command>
        </Command>
        <Command>
          <ID>{D286C85D-53DD-40C4-8551-DDD7A7F297E1}</ID>
          <Icon>%COMMANDER_PATH%\WCMICONS.DLL,51</Icon>
          <Command>cm_TreeView</Command>
        </Command>
        <Separator>
          <Style>False</Style>
        </Separator>
        <Command>
          <ID>{03E7D1CF-A030-404F-B006-727715494287}</ID>
          <Icon>%COMMANDER_PATH%\WCMICONS.DLL,50</Icon>
          <Command>cm_FlatView</Command>
        </Command>
        <Separator>
          <Style>False</Style>
        </Separator>
        <Command>
          <ID>{50DC8663-B2B7-4D68-8798-868E2DF909DA}</ID>
          <Icon>%COMMANDER_PATH%\WCMICONS.DLL,39</Icon>
          <Command>cm_MarkPlus</Command>
        </Command>
        <Command>
          <ID>{8A00A0A7-891F-4B1C-A641-9837A1D7FE64}</ID>
          <Icon>%COMMANDER_PATH%\WCMICONS.DLL,40</Icon>
          <Command>cm_MarkMinus</Command>
        </Command>
        <Command>
          <ID>{2BA68F4F-21A8-49D0-B5CB-F9D7368C23AE}</ID>
          <Icon>%COMMANDER_PATH%\WCMICONS.DLL,11</Icon>
          <Command>cm_MarkInvert</Command>
        </Command>
        <Separator>
          <Style>False</Style>
        </Separator>
        <Command>
          <ID>{7D86E1D9-BF52-4301-A716-B37BF966F03C}</ID>
          <Icon>%COMMANDER_PATH%\WCMICONS.DLL,18</Icon>
          <Command>cm_ViewHistoryPrev</Command>
        </Command>
        <Command>
          <ID>{4C917E85-1DAD-4580-AD3E-F4CD5B324427}</ID>
          <Icon>%COMMANDER_PATH%\WCMICONS.DLL,19</Icon>
          <Command>cm_ViewHistoryNext</Command>
        </Command>
        <Separator>
          <Style>False</Style>
        </Separator>
        <Command>
          <ID>{00A13DEA-AEA7-4F90-9572-A21C37C71D4C}</ID>
          <Icon>%COMMANDER_PATH%\WCMICONS.DLL,30</Icon>
          <Command>cm_PackFiles</Command>
        </Command>
        <Command>
          <ID>{202CF1AB-2E67-46E3-8EE3-C204E68CE92D}</ID>
          <Icon>%COMMANDER_PATH%\WCMICONS.DLL,31</Icon>
          <Command>cm_ExtractFiles</Command>
        </Command>
        <Separator>
          <Style>False</Style>
        </Separator>
        <Command>
          <ID>{1B125EA7-D539-4187-BEE9-7DFDF60F3792}</ID>
          <Icon>%COMMANDER_PATH%\WCMICONS.DLL,16</Icon>
          <Command>cm_NetworkConnect</Command>
        </Command>
        <Separator>
          <Style>False</Style>
        </Separator>
        <Command>
          <ID>{F0462562-69A5-4AF7-88EE-4F7F6077C422}</ID>
          <Icon>%COMMANDER_PATH%\WCMICONS.DLL,47</Icon>
          <Command>cm_Search</Command>
        </Command>
        <Command>
          <ID>{0B60176C-10C9-4DD6-BCE1-3C4F68231AD3}</ID>
          <Icon>%COMMANDER_PATH%\WCMICONS.DLL,49</Icon>
          <Command>cm_CompareContents</Command>
        </Command>
        <Command>
          <ID>{268FBDF5-DD98-4A4C-A62A-8A722DE26F23}</ID>
          <Icon>%COMMANDER_PATH%\WCMICONS.DLL,46</Icon>
          <Command>cm_MultiRename</Command>
        </Command>
        <Command>
          <ID>{96A252F8-4B3C-4871-BC0E-CFD67F057E79}</ID>
          <Icon>%COMMANDER_PATH%\WCMICONS.DLL,48</Icon>
          <Command>cm_SyncDirs</Command>
        </Command>
        <Command>
          <ID>{29885F88-520E-49E3-8FF6-3D544C1CB5D1}</ID>
          <Icon>%COMMANDER_PATH%\WCMICONS.DLL,45</Icon>
          <Command>cm_CopyFullNamesToClip</Command>
        </Command>
        <Command>
          <ID>{2284515C-B921-4AE8-AF64-D408BD9D104A}</ID>
          <Icon>%COMMANDER_PATH%\WCMICONS.DLL,75</Icon>
          <Command>cm_SyncChangeDir</Command>
        </Command>
        <Command>
          <ID>{1A2AF7A3-54C8-4A85-A667-40F438177FBD}</ID>
          <Icon>%COMMANDER_PATH%\WCMICONS.DLL,61</Icon>
          <Command>cm_CheckSumVerify</Command>
        </Command>
        <Separator>
          <Style>False</Style>
        </Separator>
        <Command>
          <ID>{02C3AF6D-50E7-4FB9-B87E-03A7E0B4E4E4}</ID>
          <Icon>cm_runterm</Icon>
          <Command>cm_RunTerm</Command>
        </Command>
        <Command>
          <ID>{E6BE6A0A-F22A-4B0D-A30B-952D79AC1C23}</ID>
          <Icon>%COMMANDER_PATH%\WCMICONS.DLL,34</Icon>
          <Command>cm_Options</Command>
        </Command>
        <Separator>
          <Style>True</Style>
        </Separator>
        <Menu>
          <ID>{73D2B4CA-418B-418B-9338-006EE291FC87}</ID>
          <Icon>cm_doanycmcommand</Icon>
          <Hint>所有 Double Commander 内部命令</Hint>
          <MenuItems>
            <Menu>
              <ID>{43FB71DA-E70A-4FAA-842B-763F3149635D}</ID>
              <Icon>cm_briefview</Icon>
              <Hint>活动面板</Hint>
              <MenuItems>
                <Command>
                  <ID>{D76F9C34-84C7-416C-ADDE-7147D6B2DFCC}</ID>
                  <Icon>cm_briefview</Icon>
                  <Command>cm_BriefView</Command>
                </Command>
                <Command>
                  <ID>{9C63E561-84FF-4596-BFA7-D5E21C64F85A}</ID>
                  <Icon>cm_columnsview</Icon>
                  <Command>cm_ColumnsView</Command>
                </Command>
                <Command>
                  <ID>{E0956275-5B59-4C56-BDE4-2472B7F154DD}</ID>
                  <Icon>cm_thumbnailsview</Icon>
                  <Command>cm_ThumbnailsView</Command>
                </Command>
                <Command>
                  <ID>{A0D97831-31A4-434B-960F-991B476D7B0F}</ID>
                  <Icon>cm_flatview</Icon>
                  <Command>cm_FlatView</Command>
                </Command>
                <Command>
                  <ID>{3093CF72-314C-4E57-8EE8-0E1AD41E8479}</ID>
                  <Icon>cm_flatviewsel</Icon>
                  <Command>cm_FlatViewSel</Command>
                </Command>
                <Command>
                  <ID>{A53EB3BA-8A9A-4249-99FB-0D6063DCF4FB}</ID>
                  <Icon>cm_quickview</Icon>
                  <Command>cm_QuickView</Command>
                </Command>
                <Command>
                  <ID>{AD570778-A453-4078-A592-508180523673}</ID>
                  <Icon>cm_sortbyname</Icon>
                  <Command>cm_SortByName</Command>
                </Command>
                <Command>
                  <ID>{2DD80C75-6E25-45D5-AFD0-B67580D87F97}</ID>
                  <Icon>cm_sortbyext</Icon>
                  <Command>cm_SortByExt</Command>
                </Command>
                <Command>
                  <ID>{5A65B9A4-D38F-482E-BB47-470BBEC296F6}</ID>
                  <Icon>cm_sortbysize</Icon>
                  <Command>cm_SortBySize</Command>
                </Command>
                <Command>
                  <ID>{3B4B140E-321F-438C-B8CC-E9F7953147DD}</ID>
                  <Icon>cm_sortbydate</Icon>
                  <Command>cm_SortByDate</Command>
                </Command>
                <Command>
                  <ID>{722D8D66-1753-4522-9AE7-9A510E415475}</ID>
                  <Icon>cm_sortbyattr</Icon>
                  <Command>cm_SortByAttr</Command>
                </Command>
                <Command>
                  <ID>{AF7CEFB5-E029-4A87-ABD9-48936F1A5CAC}</ID>
                  <Icon>cm_reverseorder</Icon>
                  <Command>cm_ReverseOrder</Command>
                </Command>
                <Command>
                  <ID>{8FAF2A69-BCF2-4ADC-83AF-93DBF35F78B6}</ID>
                  <Icon>cm_srcopendrives</Icon>
                  <Command>cm_SrcOpenDrives</Command>
                </Command>
                <Command>
                  <ID>{965500FF-BD5D-4982-B004-87EB3CE2CC58}</ID>
                  <Icon>cm_universalsingledirectsort</Icon>
                  <Command>cm_UniversalSingleDirectSort</Command>
                </Command>
                <Command>
                  <ID>{6D13B6FF-6E88-4C8B-BB68-472C66BFD05A}</ID>
                  <Icon>cm_countdircontent</Icon>
                  <Command>cm_CountDirContent</Command>
                </Command>
              </MenuItems>
            </Menu>
            <Menu>
              <ID>{CFE169DB-4308-4496-8930-73DF905D36B7}</ID>
              <Icon>cm_leftbriefview</Icon>
              <Hint>左侧面板</Hint>
              <MenuItems>
                <Command>
                  <ID>{50347771-DF2E-42C4-8B43-6E1894672117}</ID>
                  <Icon>cm_leftbriefview</Icon>
                  <Command>cm_LeftBriefView</Command>
                </Command>
                <Command>
                  <ID>{0312D56E-FFC2-4467-B955-C0C8837E8B8E}</ID>
                  <Icon>cm_leftcolumnsview</Icon>
                  <Command>cm_LeftColumnsView</Command>
                </Command>
                <Command>
                  <ID>{D87DD8ED-5F41-47E8-8A13-CCE7EBB8FDDA}</ID>
                  <Icon>cm_leftthumbview</Icon>
                  <Command>cm_LeftThumbView</Command>
                </Command>
                <Command>
                  <ID>{D60922A2-258D-4C0E-979B-5E8A8BC0D13F}</ID>
                  <Icon>cm_leftflatview</Icon>
                  <Command>cm_LeftFlatView</Command>
                </Command>
                <Command>
                  <ID>{8B410FD7-D431-4A55-8D69-B863BB44AB81}</ID>
                  <Icon>cm_leftsortbyname</Icon>
                  <Command>cm_LeftSortByName</Command>
                </Command>
                <Command>
                  <ID>{21D583BC-8893-49CD-B078-B9DDBD0E06A6}</ID>
                  <Icon>cm_leftsortbyext</Icon>
                  <Command>cm_LeftSortByExt</Command>
                </Command>
                <Command>
                  <ID>{41644864-7A73-43F5-B557-9C95B1C2D797}</ID>
                  <Icon>cm_leftsortbysize</Icon>
                  <Command>cm_LeftSortBySize</Command>
                </Command>
                <Command>
                  <ID>{45B710D6-E845-4B43-ADA5-B2E85D0BABB6}</ID>
                  <Icon>cm_leftsortbydate</Icon>
                  <Command>cm_LeftSortByDate</Command>
                </Command>
                <Command>
                  <ID>{26E9CEFE-5656-486D-9F8C-9A5CF881CBD3}</ID>
                  <Icon>cm_leftsortbyattr</Icon>
                  <Command>cm_LeftSortByAttr</Command>
                </Command>
                <Command>
                  <ID>{A676E7CE-2FD5-49B4-B65C-200CC704F8AB}</ID>
                  <Icon>cm_leftreverseorder</Icon>
                  <Command>cm_LeftReverseOrder</Command>
                </Command>
                <Command>
                  <ID>{504A92F0-A64C-42C8-8118-B70830A462BF}</ID>
                  <Icon>cm_leftopendrives</Icon>
                  <Command>cm_LeftOpenDrives</Command>
                </Command>
              </MenuItems>
            </Menu>
            <Menu>
              <ID>{04ADCB7B-4837-446D-B5E8-DEE96ECBF538}</ID>
              <Icon>cm_rightbriefview</Icon>
              <Hint>右侧面板</Hint>
              <MenuItems>
                <Command>
                  <ID>{60DCF2F0-BB7E-4E1E-84AC-E6388E41E521}</ID>
                  <Icon>cm_rightbriefview</Icon>
                  <Command>cm_RightBriefView</Command>
                </Command>
                <Command>
                  <ID>{C5AC9D9C-F566-4D5E-AF36-252E5579EC40}</ID>
                  <Icon>cm_rightcolumnsview</Icon>
                  <Command>cm_RightColumnsView</Command>
                </Command>
                <Command>
                  <ID>{D5C6F909-6C1A-4C21-9746-2BB804A85E3F}</ID>
                  <Icon>cm_rightthumbview</Icon>
                  <Command>cm_RightThumbView</Command>
                </Command>
                <Command>
                  <ID>{BD759E28-768A-4D84-BC4B-2AD92F9BEEFC}</ID>
                  <Icon>cm_rightflatview</Icon>
                  <Command>cm_RightFlatView</Command>
                </Command>
                <Command>
                  <ID>{75AF4D87-3FB5-4A56-A733-3572CD806596}</ID>
                  <Icon>cm_rightsortbyname</Icon>
                  <Command>cm_RightSortByName</Command>
                </Command>
                <Command>
                  <ID>{37F7219D-7BA3-4551-B56F-84C5420C88E1}</ID>
                  <Icon>cm_rightsortbyext</Icon>
                  <Command>cm_RightSortByExt</Command>
                </Command>
                <Command>
                  <ID>{B88E4A25-6EB6-4140-BBC1-AE695967C37A}</ID>
                  <Icon>cm_rightsortbysize</Icon>
                  <Command>cm_RightSortBySize</Command>
                </Command>
                <Command>
                  <ID>{E0234902-AFC0-4BFF-97DB-3FF15717337C}</ID>
                  <Icon>cm_rightsortbydate</Icon>
                  <Command>cm_RightSortByDate</Command>
                </Command>
                <Command>
                  <ID>{FA235155-7674-4855-8625-E0EA28E4357A}</ID>
                  <Icon>cm_rightsortbyattr</Icon>
                  <Command>cm_RightSortByAttr</Command>
                </Command>
                <Command>
                  <ID>{0E57EA48-30E2-40EA-AECD-AEC07728F66B}</ID>
                  <Icon>cm_rightreverseorder</Icon>
                  <Command>cm_RightReverseOrder</Command>
                </Command>
                <Command>
                  <ID>{D62AAB4F-CCAE-442C-BC5F-19490EF4DDB5}</ID>
                  <Icon>cm_rightopendrives</Icon>
                  <Command>cm_RightOpenDrives</Command>
                </Command>
              </MenuItems>
            </Menu>
            <Menu>
              <ID>{40540A6F-2F30-41D0-8517-376E071AD2C1}</ID>
              <Icon>cm_view</Icon>
              <Hint>文件操作</Hint>
              <MenuItems>
                <Command>
                  <ID>{4F0EB003-EF07-4911-BB39-FF1D111EB383}</ID>
                  <Icon>cm_view</Icon>
                  <Command>cm_View</Command>
                </Command>
                <Command>
                  <ID>{581FF3DC-F23E-4149-92E8-D6C3F06ED20B}</ID>
                  <Icon>cm_edit</Icon>
                  <Command>cm_Edit</Command>
                </Command>
                <Command>
                  <ID>{6690B59D-DA67-48E7-B3E4-F28947D625E3}</ID>
                  <Icon>cm_editnew</Icon>
                  <Command>cm_EditNew</Command>
                </Command>
                <Command>
                  <ID>{FEEB388F-9751-4B76-B290-A58F8EE958C5}</ID>
                  <Icon>cm_copy</Icon>
                  <Command>cm_Copy</Command>
                </Command>
                <Command>
                  <ID>{5B0B1979-DBFD-4438-821F-4BB772289F7E}</ID>
                  <Icon>cm_copynoask</Icon>
                  <Command>cm_CopyNoAsk</Command>
                </Command>
                <Command>
                  <ID>{E90523D9-B754-4F01-88D7-9AD55414D4F5}</ID>
                  <Icon>cm_copysamepanel</Icon>
                  <Command>cm_CopySamePanel</Command>
                </Command>
                <Command>
                  <ID>{3EDFDE07-BAF0-488F-BB42-E578BE6E4474}</ID>
                  <Icon>cm_rename</Icon>
                  <Command>cm_Rename</Command>
                </Command>
                <Command>
                  <ID>{4599352E-907C-4A72-B832-922420E8B1E6}</ID>
                  <Icon>cm_renamenoask</Icon>
                  <Command>cm_RenameNoAsk</Command>
                </Command>
                <Command>
                  <ID>{8AA3D145-7A10-4AED-8D29-2F5A97F78508}</ID>
                  <Icon>cm_renameonly</Icon>
                  <Command>cm_RenameOnly</Command>
                </Command>
                <Command>
                  <ID>{825207DF-4CEE-46E3-BA56-A9D74F262A4B}</ID>
                  <Icon>cm_makedir</Icon>
                  <Command>cm_MakeDir</Command>
                </Command>
                <Command>
                  <ID>{E8FB23BA-A0FB-43D4-8BE8-DCD02D07F0B5}</ID>
                  <Icon>cm_delete</Icon>
                  <Command>cm_Delete</Command>
                </Command>
                <Command>
                  <ID>{FA027F10-041C-4B05-87DE-F08986D4BA51}</ID>
                  <Icon>cm_wipe</Icon>
                  <Command>cm_Wipe</Command>
                </Command>
                <Command>
                  <ID>{565BA471-5668-44BD-A763-DAD148007830}</ID>
                  <Icon>cm_packfiles</Icon>
                  <Command>cm_PackFiles</Command>
                </Command>
                <Command>
                  <ID>{9C0D5C96-CECC-408C-82D1-A3967ED60104}</ID>
                  <Icon>cm_testarchive</Icon>
                  <Command>cm_TestArchive</Command>
                </Command>
                <Command>
                  <ID>{21695A6A-2D49-47D4-8214-1D44576E853D}</ID>
                  <Icon>cm_openarchive</Icon>
                  <Command>cm_OpenArchive</Command>
                </Command>
                <Command>
                  <ID>{30D7FFC5-1512-4A0A-9BF1-1B8DA47FA61D}</ID>
                  <Icon>cm_extractfiles</Icon>
                  <Command>cm_ExtractFiles</Command>
                </Command>
                <Command>
                  <ID>{C5050F20-DF51-4434-92AE-82A0E82653B1}</ID>
                  <Icon>cm_openvirtualfilesystemlist</Icon>
                  <Command>cm_OpenVirtualFileSystemList</Command>
                </Command>
                <Command>
                  <ID>{1D598DEE-E61F-4339-817F-451CB2223D9A}</ID>
                  <Icon>cm_fileproperties</Icon>
                  <Command>cm_FileProperties</Command>
                </Command>
                <Command>
                  <ID>{4AE65285-21CD-46EE-9BCB-A9D9118AC87B}</ID>
                  <Icon>cm_setfileproperties</Icon>
                  <Command>cm_SetFileProperties</Command>
                </Command>
                <Command>
                  <ID>{D75E989E-E8B6-4345-9107-1A074DE8AF36}</ID>
                  <Icon>cm_editcomment</Icon>
                  <Command>cm_EditComment</Command>
                </Command>
                <Command>
                  <ID>{20D90FA1-FB46-4F6E-A225-03095EF27736}</ID>
                  <Icon>cm_contextmenu</Icon>
                  <Command>cm_ContextMenu</Command>
                </Command>
                <Command>
                  <ID>{16D6D637-253B-4C8A-B752-1FEBAED3E8D7}</ID>
                  <Icon>cm_open</Icon>
                  <Command>cm_Open</Command>
                </Command>
                <Command>
                  <ID>{97D31739-61F2-41BC-B9C7-94BD1FF83C17}</ID>
                  <Icon>cm_shellexecute</Icon>
                  <Command>cm_ShellExecute</Command>
                </Command>
                <Command>
                  <ID>{A0AA9C5F-7A41-4149-8230-6DE5C2B46164}</ID>
                  <Icon>cm_symlink</Icon>
                  <Command>cm_SymLink</Command>
                </Command>
                <Command>
                  <ID>{8344D80D-C1E2-4F79-9A0C-E8E59A789122}</ID>
                  <Icon>cm_hardlink</Icon>
                  <Command>cm_HardLink</Command>
                </Command>
                <Command>
                  <ID>{FC47C77D-7F8F-4FDD-BFE6-F4261B11360C}</ID>
                  <Icon>cm_filespliter</Icon>
                  <Command>cm_FileSpliter</Command>
                </Command>
                <Command>
                  <ID>{97AB2B36-7BAB-4376-B1E1-98EE6B45CC58}</ID>
                  <Icon>cm_filelinker</Icon>
                  <Command>cm_FileLinker</Command>
                </Command>
                <Command>
                  <ID>{B88351AD-1B84-49CB-92A4-D47CCB56D5B4}</ID>
                  <Icon>cm_checksumcalc</Icon>
                  <Command>cm_CheckSumCalc</Command>
                </Command>
                <Command>
                  <ID>{7CBBA086-B149-434C-BEAD-58E142FE5765}</ID>
                  <Icon>cm_checksumverify</Icon>
                  <Command>cm_CheckSumVerify</Command>
                </Command>
              </MenuItems>
            </Menu>
            <Menu>
              <ID>{C3514416-FE13-4B47-B9A8-EEFCAA5DD6A6}</ID>
              <Icon>cm_options</Icon>
              <Hint>配置</Hint>
              <MenuItems>
                <Command>
                  <ID>{74AF2610-3D2B-4695-A065-E6A0CC0CD458}</ID>
                  <Icon>cm_options</Icon>
                  <Command>cm_Options</Command>
                </Command>
                <Command>
                  <ID>{E9953BFF-4352-439A-B301-CB50E0658F4D}</ID>
                  <Icon>cm_configtoolbars</Icon>
                  <Command>cm_ConfigToolbars</Command>
                </Command>
                <Command>
                  <ID>{41D3B081-6C70-42DF-BCFA-168B78A5B77B}</ID>
                  <Icon>cm_configdirhotlist</Icon>
                  <Command>cm_ConfigDirHotList</Command>
                </Command>
                <Command>
                  <ID>{4826EE89-3E48-4389-8468-8F5CF039B5C2}</ID>
                  <Icon>cm_workwithdirectoryhotlist</Icon>
                  <Command>cm_WorkWithDirectoryHotlist</Command>
                </Command>
                <Command>
                  <ID>{F39103CB-F0CD-4D3E-BFBD-9D98E72D4030}</ID>
                  <Icon>cm_fileassoc</Icon>
                  <Command>cm_FileAssoc</Command>
                </Command>
                <Command>
                  <ID>{30DBEC8E-292A-479D-BF6B-11921EAEA312}</ID>
                  <Icon>cm_configfoldertabs</Icon>
                  <Command>cm_ConfigFolderTabs</Command>
                </Command>
                <Command>
                  <ID>{F0147E6D-4EF8-4EFB-A05F-DDDD790947F3}</ID>
                  <Icon>cm_configfavoritetabs</Icon>
                  <Command>cm_ConfigFavoriteTabs</Command>
                </Command>
                <Command>
                  <ID>{8989E8D1-4530-4C4F-8C09-B622AFC3B492}</ID>
                  <Icon>cm_configtreeviewmenus</Icon>
                  <Command>cm_ConfigTreeViewMenus</Command>
                </Command>
                <Command>
                  <ID>{80A7B7AC-89EC-4588-9EE5-1F81C6C8ADB1}</ID>
                  <Icon>cm_configtreeviewmenuscolors</Icon>
                  <Command>cm_ConfigTreeViewMenusColors</Command>
                </Command>
                <Command>
                  <ID>{E34DC27B-56E6-424E-A5FE-226BFB3A2FFC}</ID>
                  <Icon>cm_configsearches</Icon>
                  <Command>cm_ConfigSearches</Command>
                </Command>
                <Command>
                  <ID>{6C8D9180-D6D2-403C-AF75-16160FAC473F}</ID>
                  <Icon>cm_confighotkeys</Icon>
                  <Command>cm_ConfigHotKeys</Command>
                </Command>
                <Command>
                  <ID>{E451F859-5B71-409F-9CAA-201F376B7E07}</ID>
                  <Icon>cm_configsavepos</Icon>
                  <Command>cm_ConfigSavePos</Command>
                </Command>
                <Command>
                  <ID>{255AD8F4-8DCE-4FAC-8805-7A8DB5123355}</ID>
                  <Icon>cm_configsavesettings</Icon>
                  <Command>cm_ConfigSaveSettings</Command>
                </Command>
                <Command>
                  <ID>{FB061C88-1645-4AC3-B331-F2633F21E9EE}</ID>
                  <Icon>cm_configarchivers</Icon>
                  <Command>cm_ConfigArchivers</Command>
                </Command>
                <Command>
                  <ID>{11C93964-BC3C-469A-8817-D3257B30A6B9}</ID>
                  <Icon>cm_configtooltips</Icon>
                  <Command>cm_ConfigTooltips</Command>
                </Command>
                <Command>
                  <ID>{8D2D8D0F-41A7-4569-B5F6-2582FEA00C0E}</ID>
                  <Icon>cm_configplugins</Icon>
                  <Command>cm_ConfigPlugins</Command>
                </Command>
                <Command>
                  <ID>{A7381839-14AB-4282-9F09-2F5669FCFB97}</ID>
                  <Icon>cm_addplugin</Icon>
                  <Command>cm_AddPlugin</Command>
                </Command>
              </MenuItems>
            </Menu>
            <Menu>
              <ID>{916E7B67-45BC-4DAF-A4CB-840D4C434D72}</ID>
              <Icon>cm_networkconnect</Icon>
              <Hint>网络</Hint>
              <MenuItems>
                <Command>
                  <ID>{700E1C73-3C21-4A05-ADE4-D8C37CDBD02E}</ID>
                  <Icon>cm_networkconnect</Icon>
                  <Command>cm_NetworkConnect</Command>
                </Command>
                <Command>
                  <ID>{B0B6F250-D576-4930-8895-C47528F9BB16}</ID>
                  <Icon>cm_networkdisconnect</Icon>
                  <Command>cm_NetworkDisconnect</Command>
                </Command>
                <Command>
                  <ID>{5BBE9A05-8BC6-4D76-A992-683A6AE3AC06}</ID>
                  <Icon>cm_copynetnamestoclip</Icon>
                  <Command>cm_CopyNetNamesToClip</Command>
                </Command>
              </MenuItems>
            </Menu>
            <Menu>
              <ID>{6D498BDF-78E1-4161-9FF6-5B29B97498AF}</ID>
              <Icon>cm_calculatespace</Icon>
              <Hint>杂项</Hint>
              <MenuItems>
                <Command>
                  <ID>{52D3467D-CE83-4536-9737-AC76FE3109F0}</ID>
                  <Icon>cm_calculatespace</Icon>
                  <Command>cm_CalculateSpace</Command>
                </Command>
                <Command>
                  <ID>{2A3E6C71-6737-4CB2-B052-7B459FD745A7}</ID>
                  <Icon>cm_benchmark</Icon>
                  <Command>cm_Benchmark</Command>
                </Command>
                <Command>
                  <ID>{9E639CDB-06E2-4FF5-B5FE-2B75DAD848B0}</ID>
                  <Icon>cm_runterm</Icon>
                  <Command>cm_RunTerm</Command>
                </Command>
                <Command>
                  <ID>{66AC914E-CA25-4D97-9321-99C346B72E16}</ID>
                  <Icon>cm_executescript</Icon>
                  <Command>cm_ExecuteScript</Command>
                </Command>
                <Command>
                  <ID>{208B854D-3048-4FDB-B33D-33F08D4AFD99}</ID>
                  <Icon>cm_loadlist</Icon>
                  <Command>cm_LoadList</Command>
                </Command>
              </MenuItems>
            </Menu>
            <Menu>
              <ID>{8130B699-9414-44C0-9CCD-567910C2620A}</ID>
              <Icon>cm_markplus</Icon>
              <Hint>标记</Hint>
              <MenuItems>
                <Command>
                  <ID>{7E18193F-8CBA-4CE9-9966-DFA486553849}</ID>
                  <Icon>cm_markplus</Icon>
                  <Command>cm_MarkPlus</Command>
                </Command>
                <Command>
                  <ID>{F8D83C11-CF20-4297-93BB-3D1DC48B0976}</ID>
                  <Icon>cm_markminus</Icon>
                  <Command>cm_MarkMinus</Command>
                </Command>
                <Command>
                  <ID>{B74009AE-1CF2-45C4-AE51-984061C77F97}</ID>
                  <Icon>cm_markmarkall</Icon>
                  <Command>cm_MarkMarkAll</Command>
                </Command>
                <Command>
                  <ID>{DA15BB60-197B-4EE6-81A5-C0CA8D44B5E4}</ID>
                  <Icon>cm_markunmarkall</Icon>
                  <Command>cm_MarkUnmarkAll</Command>
                </Command>
                <Command>
                  <ID>{03ABAFAB-7B17-41B3-BE41-B040EEFE2146}</ID>
                  <Icon>cm_markinvert</Icon>
                  <Command>cm_MarkInvert</Command>
                </Command>
                <Command>
                  <ID>{9BE95029-36AB-4E2A-BF89-6DEFCB04A241}</ID>
                  <Icon>cm_markcurrentpath</Icon>
                  <Command>cm_MarkCurrentPath</Command>
                </Command>
                <Command>
                  <ID>{C40F8129-9277-40BF-9BF0-BD316738D8A8}</ID>
                  <Icon>cm_unmarkcurrentpath</Icon>
                  <Command>cm_UnmarkCurrentPath</Command>
                </Command>
                <Command>
                  <ID>{B282278B-190F-45A8-A837-BADA3016E1DF}</ID>
                  <Icon>cm_markcurrentname</Icon>
                  <Command>cm_MarkCurrentName</Command>
                </Command>
                <Command>
                  <ID>{5C23CC88-AF27-42CD-B1BE-DF177AE33A6C}</ID>
                  <Icon>cm_unmarkcurrentname</Icon>
                  <Command>cm_UnmarkCurrentName</Command>
                </Command>
                <Command>
                  <ID>{C27719BB-B31C-410B-9965-DAD282013276}</ID>
                  <Icon>cm_markcurrentextension</Icon>
                  <Command>cm_MarkCurrentExtension</Command>
                </Command>
                <Command>
                  <ID>{77E772A8-9691-440E-B673-0F3ECC9D8FD7}</ID>
                  <Icon>cm_unmarkcurrentextension</Icon>
                  <Command>cm_UnmarkCurrentExtension</Command>
                </Command>
                <Command>
                  <ID>{0FF859E8-013F-4C51-A402-06CADC38423C}</ID>
                  <Icon>cm_markcurrentnameext</Icon>
                  <Command>cm_MarkCurrentNameExt</Command>
                </Command>
                <Command>
                  <ID>{018F5CAD-A9B9-4657-9ACE-75DD7B72168B}</ID>
                  <Icon>cm_unmarkcurrentnameext</Icon>
                  <Command>cm_UnmarkCurrentNameExt</Command>
                </Command>
                <Command>
                  <ID>{7461B288-EFE3-4288-94E2-4B15EECB193E}</ID>
                  <Icon>cm_comparedirectories</Icon>
                  <Command>cm_CompareDirectories</Command>
                </Command>
                <Command>
                  <ID>{E6514A55-DA59-42F0-923C-51B9376ACD10}</ID>
                  <Icon>cm_saveselection</Icon>
                  <Command>cm_SaveSelection</Command>
                </Command>
                <Command>
                  <ID>{2B02E69E-FF56-4EEA-8B93-83BC9C0430E5}</ID>
                  <Icon>cm_restoreselection</Icon>
                  <Command>cm_RestoreSelection</Command>
                </Command>
                <Command>
                  <ID>{08609D9C-3A93-4ACB-9BA5-78F86EF51369}</ID>
                  <Icon>cm_saveselectiontofile</Icon>
                  <Command>cm_SaveSelectionToFile</Command>
                </Command>
                <Command>
                  <ID>{0C7E8B0A-4B12-48EF-B67B-C002CAF3C6BF}</ID>
                  <Icon>cm_loadselectionfromfile</Icon>
                  <Command>cm_LoadSelectionFromFile</Command>
                </Command>
                <Command>
                  <ID>{DF052110-576A-4758-A623-BFDBA7158DB2}</ID>
                  <Icon>cm_loadselectionfromclip</Icon>
                  <Command>cm_LoadSelectionFromClip</Command>
                </Command>
                <Command>
                  <ID>{70B0AC22-4D86-496F-8F22-F040364349ED}</ID>
                  <Icon>cm_savefiledetailstofile</Icon>
                  <Command>cm_SaveFileDetailsToFile</Command>
                </Command>
              </MenuItems>
            </Menu>
            <Menu>
              <ID>{42DA3146-75A7-4309-83FE-622024A76E16}</ID>
              <Icon>cm_cuttoclipboard</Icon>
              <Hint>剪贴板</Hint>
              <MenuItems>
                <Command>
                  <ID>{3BD2CFAC-95A1-440D-9D62-89BD3C44F678}</ID>
                  <Icon>cm_cuttoclipboard</Icon>
                  <Command>cm_CutToClipboard</Command>
                </Command>
                <Command>
                  <ID>{90686F66-9E32-4664-AE89-A1ADC7F0BAF0}</ID>
                  <Icon>cm_copytoclipboard</Icon>
                  <Command>cm_CopyToClipboard</Command>
                </Command>
                <Command>
                  <ID>{BE30F7D5-AA63-4E17-A716-BBA4099CDAAA}</ID>
                  <Icon>cm_pastefromclipboard</Icon>
                  <Command>cm_PasteFromClipboard</Command>
                </Command>
                <Command>
                  <ID>{E7B85169-408C-475E-9F2F-5390365CC8DA}</ID>
                  <Icon>cm_copynamestoclip</Icon>
                  <Command>cm_CopyNamesToClip</Command>
                </Command>
                <Command>
                  <ID>{FB6B6834-4ECE-4BF3-B432-3CB7F96135B8}</ID>
                  <Icon>cm_copyfullnamestoclip</Icon>
                  <Command>cm_CopyFullNamesToClip</Command>
                </Command>
                <Command>
                  <ID>{CF49C0D9-2EDD-4301-9C05-059A0B7E93B0}</ID>
                  <Icon>cm_copypathoffilestoclip</Icon>
                  <Command>cm_CopyPathOfFilesToClip</Command>
                </Command>
                <Command>
                  <ID>{7BE4843D-10CD-4042-9818-51834334834E}</ID>
                  <Icon>cm_copypathnosepoffilestoclip</Icon>
                  <Command>cm_CopyPathNoSepOfFilesToClip</Command>
                </Command>
                <Command>
                  <ID>{04DFAF3F-8FB3-4B9D-961A-FD9B8EE42E2C}</ID>
                  <Icon>cm_copyfiledetailstoclip</Icon>
                  <Command>cm_CopyFileDetailsToClip</Command>
                </Command>
              </MenuItems>
            </Menu>
            <Menu>
              <ID>{5AD833CE-9B0A-41D1-83F4-13CB7CD200EC}</ID>
              <Icon>cm_dirhistory</Icon>
              <Hint>导航</Hint>
              <MenuItems>
                <Command>
                  <ID>{066ADA72-5F4E-4C8C-8D0D-68F25B705FCE}</ID>
                  <Icon>cm_dirhistory</Icon>
                  <Command>cm_DirHistory</Command>
                </Command>
                <Command>
                  <ID>{2EA2616C-0EAD-447D-B0AA-AF19E9697112}</ID>
                  <Icon>cm_dirhotlist</Icon>
                  <Command>cm_DirHotList</Command>
                </Command>
                <Command>
                  <ID>{3D06DF18-7A03-435D-B999-C4483920C51F}</ID>
                  <Icon>cm_syncchangedir</Icon>
                  <Command>cm_SyncChangeDir</Command>
                </Command>
                <Command>
                  <ID>{AD63A688-96AC-4C25-B35A-F1D17B673521}</ID>
                  <Icon>cm_changedirtoparent</Icon>
                  <Command>cm_ChangeDirToParent</Command>
                </Command>
                <Command>
                  <ID>{3D986685-E496-4F56-B311-4495F534380B}</ID>
                  <Icon>cm_changedirtohome</Icon>
                  <Command>cm_ChangeDirToHome</Command>
                </Command>
                <Command>
                  <ID>{6077ABA4-3F1A-4240-BCFC-6F06528A102A}</ID>
                  <Icon>cm_changedirtoroot</Icon>
                  <Command>cm_ChangeDirToRoot</Command>
                </Command>
                <Command>
                  <ID>{E2658E80-AE3A-4FE5-ADBA-06B8B0478AC7}</ID>
                  <Icon>cm_targetequalsource</Icon>
                  <Command>cm_TargetEqualSource</Command>
                </Command>
                <Command>
                  <ID>{5894EB0E-F728-4F90-8844-1EDEF17FA4BD}</ID>
                  <Icon>cm_transferleft</Icon>
                  <Command>cm_TransferLeft</Command>
                </Command>
                <Command>
                  <ID>{A1721FD7-1751-447C-B9F8-C6CC1250A102}</ID>
                  <Icon>cm_transferright</Icon>
                  <Command>cm_TransferRight</Command>
                </Command>
                <Command>
                  <ID>{A94EE8E6-285F-4FF3-AA67-B9762A6B249E}</ID>
                  <Icon>cm_leftequalright</Icon>
                  <Command>cm_LeftEqualRight</Command>
                </Command>
                <Command>
                  <ID>{AC393426-A1D9-4B4C-9456-017EDBBCCDEF}</ID>
                  <Icon>cm_rightequalleft</Icon>
                  <Command>cm_RightEqualLeft</Command>
                </Command>
                <Command>
                  <ID>{3703D5B5-7A2B-4E59-A2C9-6DCCEDE390C6}</ID>
                  <Icon>cm_exchange</Icon>
                  <Command>cm_Exchange</Command>
                </Command>
                <Command>
                  <ID>{B878DC59-2CC5-41A2-95A0-AB51A153F3A9}</ID>
                  <Icon>cm_quicksearch</Icon>
                  <Command>cm_QuickSearch</Command>
                </Command>
                <Command>
                  <ID>{EE37BBD7-E3D1-4851-BF31-FBB273934211}</ID>
                  <Icon>cm_quickfilter</Icon>
                  <Command>cm_QuickFilter</Command>
                </Command>
                <Command>
                  <ID>{ED29B253-01B9-48C5-BC79-F69EAC297501}</ID>
                  <Icon>cm_editpath</Icon>
                  <Command>cm_EditPath</Command>
                </Command>
                <Command>
                  <ID>{46951762-9228-470F-AB95-CCC53D77A856}</ID>
                  <Icon>cm_changedir</Icon>
                  <Command>cm_ChangeDir</Command>
                </Command>
                <Command>
                  <ID>{15CBD3DC-804D-45A2-8F4C-34230C2349A1}</ID>
                  <Icon>cm_gotofirstentry</Icon>
                  <Command>cm_GoToFirstEntry</Command>
                </Command>
                <Command>
                  <ID>{E53BC23E-268B-4EF2-A940-7AABBE37006E}</ID>
                  <Icon>cm_gotolastentry</Icon>
                  <Command>cm_GoToLastEntry</Command>
                </Command>
                <Command>
                  <ID>{9E389BE9-1E9B-4FA4-B4AE-704D58D5DE71}</ID>
                  <Icon>cm_gotonextentry</Icon>
                  <Command>cm_GoToNextEntry</Command>
                </Command>
                <Command>
                  <ID>{1852341C-7D5D-4A34-A6AD-E2A32C5ECFD3}</ID>
                  <Icon>cm_gotopreventry</Icon>
                  <Command>cm_GoToPrevEntry</Command>
                </Command>
                <Command>
                  <ID>{A4DF0A21-8550-46A5-B20B-EFDAEB1FDE12}</ID>
                  <Icon>cm_gotofirstfile</Icon>
                  <Command>cm_GoToFirstFile</Command>
                </Command>
                <Command>
                  <ID>{C742D0BF-05B7-40FD-B516-42C8BCD75429}</ID>
                  <Icon>cm_gotolastfile</Icon>
                  <Command>cm_GoToLastFile</Command>
                </Command>
                <Command>
                  <ID>{54391CFB-F2FC-4A53-B225-CB02EA54ED3E}</ID>
                  <Icon>cm_viewhistory</Icon>
                  <Command>cm_ViewHistory</Command>
                </Command>
                <Command>
                  <ID>{8D679BC1-7BA5-4040-BE4B-F793E04CD8DA}</ID>
                  <Icon>cm_viewhistorynext</Icon>
                  <Command>cm_ViewHistoryNext</Command>
                </Command>
                <Command>
                  <ID>{0DF968D5-0AC8-44A5-A3D8-DF5B26DB8D05}</ID>
                  <Icon>cm_viewhistoryprev</Icon>
                  <Command>cm_ViewHistoryPrev</Command>
                </Command>
                <Command>
                  <ID>{4402A352-CF5B-4442-B266-006861C36883}</ID>
                  <Icon>cm_opendrivebyindex</Icon>
                  <Command>cm_OpenDriveByIndex</Command>
                </Command>
                <Command>
                  <ID>{92C59552-0618-402C-BE24-3CB421165491}</ID>
                  <Icon>cm_focusswap</Icon>
                  <Command>cm_FocusSwap</Command>
                </Command>
              </MenuItems>
            </Menu>
            <Menu>
              <ID>{CA0EFA20-100C-4BE1-B4D0-46268EAB92DD}</ID>
              <Icon>cm_helpindex</Icon>
              <Hint>帮助</Hint>
              <MenuItems>
                <Command>
                  <ID>{516CC8F2-6880-452E-97CB-B40376E5CF9B}</ID>
                  <Icon>cm_helpindex</Icon>
                  <Command>cm_HelpIndex</Command>
                </Command>
                <Command>
                  <ID>{78F370F4-44B6-4200-AC3A-AA0C897185C7}</ID>
                  <Icon>cm_keyboard</Icon>
                  <Command>cm_Keyboard</Command>
                </Command>
                <Command>
                  <ID>{05B12795-6B79-4305-A7E7-BC365B1884EE}</ID>
                  <Icon>cm_visithomepage</Icon>
                  <Command>cm_VisitHomePage</Command>
                </Command>
                <Command>
                  <ID>{A9D5F835-5563-40C6-8E3D-EFC99255C371}</ID>
                  <Icon>cm_about</Icon>
                  <Command>cm_About</Command>
                </Command>
              </MenuItems>
            </Menu>
            <Menu>
              <ID>{7D7CFAC0-7EC1-4923-8E6B-49CD7B75A850}</ID>
              <Icon>cm_horizontalfilepanels</Icon>
              <Hint>窗口</Hint>
              <MenuItems>
                <Command>
                  <ID>{1EDBABB0-262F-4709-BB06-C01F04868BEA}</ID>
                  <Icon>cm_horizontalfilepanels</Icon>
                  <Command>cm_HorizontalFilePanels</Command>
                </Command>
                <Command>
                  <ID>{A2891DF8-D9F2-4741-9B2B-52B00261410B}</ID>
                  <Icon>cm_panelssplitterperpos</Icon>
                  <Command>cm_PanelsSplitterPerPos</Command>
                </Command>
                <Command>
                  <ID>{628E8DF1-522E-4DC7-A8FC-B4BEADE8EDA8}</ID>
                  <Icon>cm_showmainmenu</Icon>
                  <Command>cm_ShowMainMenu</Command>
                </Command>
                <Command>
                  <ID>{5F76D62D-1AC5-476D-B87E-86570DE03AD8}</ID>
                  <Icon>cm_showbuttonmenu</Icon>
                  <Command>cm_ShowButtonMenu</Command>
                </Command>
                <Command>
                  <ID>{42C44090-B1EF-4B08-A2CE-DCCF172BEC4F}</ID>
                  <Icon>cm_operationsviewer</Icon>
                  <Command>cm_OperationsViewer</Command>
                </Command>
                <Command>
                  <ID>{C4BC4C27-ED43-4A86-9B9B-08EF15E945B6}</ID>
                  <Icon>cm_openbar</Icon>
                  <Command>cm_OpenBar</Command>
                </Command>
                <Command>
                  <ID>{15252C2D-74F2-4357-8E83-3D55DBB6195B}</ID>
                  <Icon>cm_minimize</Icon>
                  <Command>cm_Minimize</Command>
                </Command>
                <Command>
                  <ID>{B2410FDA-5B79-4FCF-8F3B-8573B3599D8B}</ID>
                  <Icon>cm_exit</Icon>
                  <Command>cm_Exit</Command>
                </Command>
                <Command>
                  <ID>{B61B051B-3020-49D6-9681-D3D3C5BF3B96}</ID>
                  <Icon>cm_treeview</Icon>
                  <Command>cm_TreeView</Command>
                </Command>
                <Command>
                  <ID>{8838804D-0FEF-4ED0-9E8F-559D154CD9AB}</ID>
                  <Icon>cm_focustreeview</Icon>
                  <Command>cm_FocusTreeView</Command>
                </Command>
              </MenuItems>
            </Menu>
            <Menu>
              <ID>{A72C256D-849A-4C8E-80A1-AC3077461D3C}</ID>
              <Icon>cm_focuscmdline</Icon>
              <Hint>命令行</Hint>
              <MenuItems>
                <Command>
                  <ID>{87B50604-CF63-446B-BF4F-CDC818DD829A}</ID>
                  <Icon>cm_focuscmdline</Icon>
                  <Command>cm_FocusCmdLine</Command>
                </Command>
                <Command>
                  <ID>{F64B4CD5-556C-4C9E-89B3-61EE75542593}</ID>
                  <Icon>cm_showcmdlinehistory</Icon>
                  <Command>cm_ShowCmdLineHistory</Command>
                </Command>
                <Command>
                  <ID>{728C31CD-ECEE-4DD7-BA01-F2B873F6983F}</ID>
                  <Icon>cm_cmdlinenext</Icon>
                  <Command>cm_CmdLineNext</Command>
                </Command>
                <Command>
                  <ID>{BBA60ACF-139F-43BF-A308-96345321BB74}</ID>
                  <Icon>cm_cmdlineprev</Icon>
                  <Command>cm_CmdLinePrev</Command>
                </Command>
                <Command>
                  <ID>{44E41CF4-2770-4900-974F-AFEB2F5FE07A}</ID>
                  <Icon>cm_addpathtocmdline</Icon>
                  <Command>cm_AddPathToCmdLine</Command>
                </Command>
                <Command>
                  <ID>{66554F11-3F23-4191-AB8D-54004F40E69E}</ID>
                  <Icon>cm_addfilenametocmdline</Icon>
                  <Command>cm_AddFilenameToCmdLine</Command>
                </Command>
                <Command>
                  <ID>{85A15E89-81CE-47FB-B3C1-2039F536DD73}</ID>
                  <Icon>cm_addpathandfilenametocmdline</Icon>
                  <Command>cm_AddPathAndFilenameToCmdLine</Command>
                </Command>
                <Command>
                  <ID>{D0AF3D1F-0A8A-4CA2-8FF7-71B62108F9E5}</ID>
                  <Icon>cm_togglefullscreenconsole</Icon>
                  <Command>cm_ToggleFullscreenConsole</Command>
                </Command>
              </MenuItems>
            </Menu>
            <Menu>
              <ID>{A7B1B127-3F68-4DA6-9EF2-67E6108D8CEA}</ID>
              <Icon>cm_multirename</Icon>
              <Hint>工具</Hint>
              <MenuItems>
                <Command>
                  <ID>{C8456E98-391C-4260-BAB1-789B1F4F982F}</ID>
                  <Icon>cm_multirename</Icon>
                  <Command>cm_MultiRename</Command>
                </Command>
                <Command>
                  <ID>{985D54C4-EAA9-4E47-9BF0-F61E0CDA2CFF}</ID>
                  <Icon>cm_search</Icon>
                  <Command>cm_Search</Command>
                </Command>
                <Command>
                  <ID>{80839CA8-7D06-4805-B6A8-FB9F7568C4B7}</ID>
                  <Icon>cm_addnewsearch</Icon>
                  <Command>cm_AddNewSearch</Command>
                </Command>
                <Command>
                  <ID>{037A91BE-8C40-4E97-853C-1AA5005A42F3}</ID>
                  <Icon>cm_viewsearches</Icon>
                  <Command>cm_ViewSearches</Command>
                </Command>
                <Command>
                  <ID>{71924026-E9B4-4010-BBD0-B56126C8B895}</ID>
                  <Icon>cm_deletesearches</Icon>
                  <Command>cm_DeleteSearches</Command>
                </Command>
                <Command>
                  <ID>{CF8E874C-F7CF-4A43-882B-38F9B7605125}</ID>
                  <Icon>cm_syncdirs</Icon>
                  <Command>cm_SyncDirs</Command>
                </Command>
                <Command>
                  <ID>{4F2A7F6B-DAE4-4755-AFE3-1632D1DA0200}</ID>
                  <Icon>cm_comparecontents</Icon>
                  <Command>cm_CompareContents</Command>
                </Command>
                <Command>
                  <ID>{E6E147ED-B536-4635-A550-74920FA62F85}</ID>
                  <Icon>cm_debugshowcommandparameters</Icon>
                  <Command>cm_DebugShowCommandParameters</Command>
                </Command>
                <Command>
                  <ID>{EB2A9EAD-A64D-4C40-9F67-2E333B91C223}</ID>
                  <Icon>cm_doanycmcommand</Icon>
                  <Command>cm_DoAnyCmCommand</Command>
                </Command>
              </MenuItems>
            </Menu>
            <Menu>
              <ID>{7AED3C61-174C-49D3-95B6-651DCB3C6353}</ID>
              <Icon>cm_refresh</Icon>
              <Hint>视图</Hint>
              <MenuItems>
                <Command>
                  <ID>{2A7E39D3-9F8E-47A2-95C5-6FB0074E445B}</ID>
                  <Icon>cm_refresh</Icon>
                  <Command>cm_Refresh</Command>
                </Command>
                <Command>
                  <ID>{9887684F-F637-49A5-8B97-AD68969E439C}</ID>
                  <Icon>cm_showsysfiles</Icon>
                  <Command>cm_ShowSysFiles</Command>
                </Command>
                <Command>
                  <ID>{A7B6B539-32E1-4E42-9757-A3C5FC8DFEAB}</ID>
                  <Icon>cm_switchignorelist</Icon>
                  <Command>cm_SwitchIgnoreList</Command>
                </Command>
              </MenuItems>
            </Menu>
            <Menu>
              <ID>{2D958145-B19F-458D-9B71-CB9BB0D3FBEE}</ID>
              <Icon>cm_newtab</Icon>
              <Hint>标签</Hint>
              <MenuItems>
                <Command>
                  <ID>{4728B218-BC7F-480E-A01B-49E3600A85E7}</ID>
                  <Icon>cm_newtab</Icon>
                  <Command>cm_NewTab</Command>
                </Command>
                <Command>
                  <ID>{71D54CE8-2463-4088-9D32-ED67C134F4B5}</ID>
                  <Icon>cm_opendirinnewtab</Icon>
                  <Command>cm_OpenDirInNewTab</Command>
                </Command>
                <Command>
                  <ID>{BC901967-09A0-4561-B543-6A7CC86E74D1}</ID>
                  <Icon>cm_nexttab</Icon>
                  <Command>cm_NextTab</Command>
                </Command>
                <Command>
                  <ID>{DF50C4B1-B261-4824-97C9-02A00DA23D35}</ID>
                  <Icon>cm_prevtab</Icon>
                  <Command>cm_PrevTab</Command>
                </Command>
                <Command>
                  <ID>{5137E19B-B11E-49B7-8FFB-D35FE7626032}</ID>
                  <Icon>cm_movetableft</Icon>
                  <Command>cm_MoveTabLeft</Command>
                </Command>
                <Command>
                  <ID>{38340FBE-48BB-491D-9270-EF720A3AA7FE}</ID>
                  <Icon>cm_movetabright</Icon>
                  <Command>cm_MoveTabRight</Command>
                </Command>
                <Command>
                  <ID>{FDB896A1-2935-496E-8432-87F38D9794B2}</ID>
                  <Icon>cm_renametab</Icon>
                  <Command>cm_RenameTab</Command>
                </Command>
                <Command>
                  <ID>{FA47A0BF-63C2-45A4-9F80-364CDDCAB213}</ID>
                  <Icon>cm_closetab</Icon>
                  <Command>cm_CloseTab</Command>
                </Command>
                <Command>
                  <ID>{6ECFAB83-6B66-4180-97B8-EF65A8486777}</ID>
                  <Icon>cm_closealltabs</Icon>
                  <Command>cm_CloseAllTabs</Command>
                </Command>
                <Command>
                  <ID>{EA627440-0F7D-460C-9891-EB8423BB2EF5}</ID>
                  <Icon>cm_closeduplicatetabs</Icon>
                  <Command>cm_CloseDuplicateTabs</Command>
                </Command>
                <Command>
                  <ID>{F4D0792A-0300-4293-BCEA-1B8E4274B133}</ID>
                  <Icon>cm_copyalltabstoopposite</Icon>
                  <Command>cm_CopyAllTabsToOpposite</Command>
                </Command>
                <Command>
                  <ID>{62A824B1-EAE3-413F-8A9D-F647786AC0CF}</ID>
                  <Icon>cm_loadtabs</Icon>
                  <Command>cm_LoadTabs</Command>
                </Command>
                <Command>
                  <ID>{F1BDD51B-4D2D-496D-A785-10A406E5CC0F}</ID>
                  <Icon>cm_savetabs</Icon>
                  <Command>cm_SaveTabs</Command>
                </Command>
                <Command>
                  <ID>{DE6DD00B-DA33-424A-B694-9AFA6A9D9E78}</ID>
                  <Icon>cm_settaboptionnormal</Icon>
                  <Command>cm_SetTabOptionNormal</Command>
                </Command>
                <Command>
                  <ID>{03837D70-1250-48C4-A853-F6CA0F4C7451}</ID>
                  <Icon>cm_settaboptionpathlocked</Icon>
                  <Command>cm_SetTabOptionPathLocked</Command>
                </Command>
                <Command>
                  <ID>{73B2F21C-668E-4D1C-B08F-99CBB7B9A9F7}</ID>
                  <Icon>cm_settaboptionpathresets</Icon>
                  <Command>cm_SetTabOptionPathResets</Command>
                </Command>
                <Command>
                  <ID>{07B534C8-B405-4A03-8D4B-2DA51B7B9143}</ID>
                  <Icon>cm_settaboptiondirsinnewtab</Icon>
                  <Command>cm_SetTabOptionDirsInNewTab</Command>
                </Command>
                <Command>
                  <ID>{44A3C030-F5D7-4666-A9AF-C140AD336D83}</ID>
                  <Icon>cm_setalltabsoptionnormal</Icon>
                  <Command>cm_SetAllTabsOptionNormal</Command>
                </Command>
                <Command>
                  <ID>{417FE8D6-F1B3-4A6F-9B66-CDFDFAB15CB9}</ID>
                  <Icon>cm_setalltabsoptionpathlocked</Icon>
                  <Command>cm_SetAllTabsOptionPathLocked</Command>
                </Command>
                <Command>
                  <ID>{3F2A2F8F-CA5E-43D7-AB52-23E079A9D338}</ID>
                  <Icon>cm_setalltabsoptionpathresets</Icon>
                  <Command>cm_SetAllTabsOptionPathResets</Command>
                </Command>
                <Command>
                  <ID>{4ED386AB-0C7B-4DAC-80D0-AC3663EE0646}</ID>
                  <Icon>cm_setalltabsoptiondirsinnewtab</Icon>
                  <Command>cm_SetAllTabsOptionDirsInNewTab</Command>
                </Command>
                <Command>
                  <ID>{E225846A-9141-479E-BAD4-333EF7AFEE08}</ID>
                  <Icon>cm_loadfavoritetabs</Icon>
                  <Command>cm_LoadFavoriteTabs</Command>
                </Command>
                <Command>
                  <ID>{BBF7899B-EE3D-4D23-9599-04F2F925E46C}</ID>
                  <Icon>cm_savefavoritetabs</Icon>
                  <Command>cm_SaveFavoriteTabs</Command>
                </Command>
                <Command>
                  <ID>{BA1DB70E-A286-4936-B8B4-83E4E73EB5DF}</ID>
                  <Icon>cm_reloadfavoritetabs</Icon>
                  <Command>cm_ReloadFavoriteTabs</Command>
                </Command>
                <Command>
                  <ID>{89514474-B5A4-491D-959D-F901E76C11CC}</ID>
                  <Icon>cm_resavefavoritetabs</Icon>
                  <Command>cm_ResaveFavoriteTabs</Command>
                </Command>
                <Command>
                  <ID>{4541AEA0-4F52-4E16-A74C-BD37DAB799A3}</ID>
                  <Icon>cm_previousfavoritetabs</Icon>
                  <Command>cm_PreviousFavoriteTabs</Command>
                </Command>
                <Command>
                  <ID>{952D8D86-2945-4A8F-8282-E985E02396E2}</ID>
                  <Icon>cm_nextfavoritetabs</Icon>
                  <Command>cm_NextFavoriteTabs</Command>
                </Command>
                <Command>
                  <ID>{D3557686-828A-43E2-B956-172982C1B91D}</ID>
                  <Icon>cm_activatetabbyindex</Icon>
                  <Command>cm_ActivateTabByIndex</Command>
                </Command>
                <Command>
                  <ID>{AF88A662-C287-4414-AA1C-41B2B4EB8EA4}</ID>
                  <Icon>cm_showtabslist</Icon>
                  <Command>cm_ShowTabsList</Command>
                </Command>
              </MenuItems>
            </Menu>
            <Menu>
              <ID>{5EA13948-FFDA-4C7F-86AB-98A81F7D14C5}</ID>
              <Icon>cm_viewlogfile</Icon>
              <Hint>日志</Hint>
              <MenuItems>
                <Command>
                  <ID>{10867869-A4F1-4366-B590-BD4CD306FD5E}</ID>
                  <Icon>cm_viewlogfile</Icon>
                  <Command>cm_ViewLogFile</Command>
                </Command>
                <Command>
                  <ID>{F091E2AC-C75F-45FA-8BCC-4A0C9E114D5C}</ID>
                  <Icon>cm_clearlogfile</Icon>
                  <Command>cm_ClearLogFile</Command>
                </Command>
                <Command>
                  <ID>{B53CE234-B515-45F1-A30D-B90137F74D77}</ID>
                  <Icon>cm_clearlogwindow</Icon>
                  <Command>cm_ClearLogWindow</Command>
                </Command>
              </MenuItems>
            </Menu>
          </MenuItems>
        </Menu>
        <Separator>
          <Style>True</Style>
        </Separator>
      </Row>
    </MainToolbar>
    <MiddleToolbar>
      <Row>
        <Command>
          <ID>{0A34E1D8-FCA2-4E73-90BF-E146B5E73E69}</ID>
          <Icon>%COMMANDER_PATH%\WCMICONS.DLL,27</Icon>
          <Command>cm_View</Command>
        </Command>
        <Command>
          <ID>{BB15019A-C0A1-4B5E-AEF2-82C8561FFA95}</ID>
          <Icon>%COMMANDER_PATH%\WCMICONS.DLL,28</Icon>
          <Command>cm_Edit</Command>
        </Command>
        <Command>
          <ID>{173AA757-9E60-407E-927B-0F0AEE2E638D}</ID>
          <Icon>%COMMANDER_PATH%\WCMICONS.DLL,62</Icon>
          <Command>cm_Copy</Command>
        </Command>
        <Command>
          <ID>{D29984D9-C1C6-4BA8-878D-6651C150CB90}</ID>
          <Icon>%COMMANDER_PATH%\WCMICONS.DLL,63</Icon>
          <Command>cm_Rename</Command>
        </Command>
        <Separator>
          <Style>True</Style>
        </Separator>
        <Command>
          <ID>{B7589647-CEDB-4819-8768-E0CD50E7B533}</ID>
          <Icon>%COMMANDER_PATH%\WCMICONS.DLL,30</Icon>
          <Command>cm_PackFiles</Command>
        </Command>
        <Command>
          <ID>{0A41FD6D-48B0-4DB6-B86C-2966B5217713}</ID>
          <Icon>%COMMANDER_PATH%\WCMICONS.DLL,29</Icon>
          <Command>cm_MakeDir</Command>
        </Command>
      </Row>
    </MiddleToolbar>
  </Toolbars>
  <MainWindow>
    <Position Save="True">
      <Left>236</Left>
      <Top>39</Top>
      <Width>1200</Width>
      <Height>720</Height>
      <PixelsPerInch>144</PixelsPerInch>
      <Maximized>True</Maximized>
      <Splitter>50</Splitter>
    </Position>
  </MainWindow>
  <Language>
    <POFileName>doublecmd.zh_CN.po</POFileName>
  </Language>
  <Behaviours>
    <GoToRoot>True</GoToRoot>
    <ShowCurDirTitleBar>False</ShowCurDirTitleBar>
    <ActiveRight>False</ActiveRight>
    <RunInTerminalStayOpenCmd>cmd.exe</RunInTerminalStayOpenCmd>
    <RunInTerminalStayOpenParams>/K {command}</RunInTerminalStayOpenParams>
    <RunInTerminalCloseCmd>cmd.exe</RunInTerminalCloseCmd>
    <RunInTerminalCloseParams>/C {command}</RunInTerminalCloseParams>
    <JustRunTerminal>cmd.exe</JustRunTerminal>
    <JustRunTermParams/>
    <OnlyOneAppInstance>False</OnlyOneAppInstance>
    <LynxLike>True</LynxLike>
    <FileSizeFormat>0</FileSizeFormat>
    <OperationSizeFormat>0</OperationSizeFormat>
    <HeaderSizeFormat>0</HeaderSizeFormat>
    <FooterSizeFormat>0</FooterSizeFormat>
    <FileSizeDigits>1</FileSizeDigits>
    <HeaderDigits>1</HeaderDigits>
    <FooterDigits>1</FooterDigits>
    <OperationSizeDigits>1</OperationSizeDigits>
    <PersonalizedByte>B</PersonalizedByte>
    <PersonalizedKilo>KB</PersonalizedKilo>
    <PersonalizedMega>MB</PersonalizedMega>
    <PersonalizedGiga>GB</PersonalizedGiga>
    <PersonalizedTera>TB</PersonalizedTera>
    <ConfirmQuit>False</ConfirmQuit>
    <MinimizeToTray>False</MinimizeToTray>
    <AlwaysShowTrayIcon>False</AlwaysShowTrayIcon>
    <Mouse>
      <Selection Enabled="True">
        <Button>0</Button>
        <IconClick>0</IconClick>
      </Selection>
      <SingleClickStart>0</SingleClickStart>
      <ScrollMode>1</ScrollMode>
      <WheelScrollLines>3</WheelScrollLines>
    </Mouse>
    <AutoFillColumns>True</AutoFillColumns>
    <AutoSizeColumn>1</AutoSizeColumn>
    <CustomColumnsChangeAllColumns>False</CustomColumnsChangeAllColumns>
    <BriefViewFileExtAligned>False</BriefViewFileExtAligned>
    <DateTimeFormat>yyyy/mm/dd hh:mm</DateTimeFormat>
    <ColumnsTitleLikeValues>False</ColumnsTitleLikeValues>
    <CutTextToColumnWidth>True</CutTextToColumnWidth>
    <ExtendCellWidth>False</ExtendCellWidth>
    <ShowSystemFiles>True</ShowSystemFiles>
    <ListFilesInThread>True</ListFilesInThread>
    <LoadIconsSeparately>True</LoadIconsSeparately>
    <DelayLoadingTabs>True</DelayLoadingTabs>
    <HighlightUpdatedFiles>True</HighlightUpdatedFiles>
    <DriveBlackList/>
    <DriveBlackListUnmounted>False</DriveBlackListUnmounted>
  </Behaviours>
  <Tools>
    <Viewer Enabled="False">
      <Path/>
      <Parameters/>
      <RunInTerminal>False</RunInTerminal>
      <KeepTerminalOpen>False</KeepTerminalOpen>
    </Viewer>
    <Editor Enabled="False">
      <Path/>
      <Parameters/>
      <RunInTerminal>False</RunInTerminal>
      <KeepTerminalOpen>False</KeepTerminalOpen>
    </Editor>
    <Differ Enabled="False">
      <Path/>
      <Parameters/>
      <RunInTerminal>False</RunInTerminal>
      <KeepTerminalOpen>False</KeepTerminalOpen>
      <FramePosAfterComp>0</FramePosAfterComp>
    </Differ>
  </Tools>
  <Fonts>
    <Main>
      <Name>Microsoft Sans Serif</Name>
      <Size>8</Size>
      <Style>1</Style>
      <Quality>1</Quality>
    </Main>
    <Editor>
      <Name>Courier New</Name>
      <Size>8</Size>
      <Style>0</Style>
      <Quality>0</Quality>
    </Editor>
    <Viewer>
      <Name>Courier New</Name>
      <Size>8</Size>
      <Style>0</Style>
      <Quality>0</Quality>
    </Viewer>
    <ViewerBook>
      <Name>default</Name>
      <Size>8</Size>
      <Style>1</Style>
      <Quality>0</Quality>
    </ViewerBook>
    <Log>
      <Name>Courier New</Name>
      <Size>8</Size>
      <Style>0</Style>
      <Quality>0</Quality>
    </Log>
    <Console>
      <Name>Courier New</Name>
      <Size>8</Size>
      <Style>0</Style>
      <Quality>0</Quality>
    </Console>
    <PathEdit>
      <Name>default</Name>
      <Size>8</Size>
      <Style>0</Style>
      <Quality>0</Quality>
    </PathEdit>
    <FunctionButtons>
      <Name>default</Name>
      <Size>8</Size>
      <Style>0</Style>
      <Quality>0</Quality>
    </FunctionButtons>
    <SearchResults>
      <Name>default</Name>
      <Size>8</Size>
      <Style>0</Style>
      <Quality>0</Quality>
    </SearchResults>
    <TreeViewMenu>
      <Name>default</Name>
      <Size>8</Size>
      <Style>0</Style>
      <Quality>0</Quality>
    </TreeViewMenu>
    <StatusBar>
      <Name>default</Name>
      <Size>0</Size>
      <Style>0</Style>
      <Quality>0</Quality>
    </StatusBar>
  </Fonts>
  <Colors>
    <UseCursorBorder>False</UseCursorBorder>
    <UseFrameCursor>True</UseFrameCursor>
    <UseInvertedSelection>True</UseInvertedSelection>
    <UseInactiveSelColor>False</UseInactiveSelColor>
    <AllowOverColor>True</AllowOverColor>
    <gBorderFrameWidth>1</gBorderFrameWidth>
    <InactivePanelBrightness>100</InactivePanelBrightness>
    <FreeSpaceIndicator>
      <UseGradient>False</UseGradient>
    </FreeSpaceIndicator>
  </Colors>
  <ToolTips>
    <ShowToolTipMode>True</ShowToolTipMode>
    <ActualToolTipMode>0</ActualToolTipMode>
    <ToolTipHideTimeOut>0</ToolTipHideTimeOut>
    <CustomFields/>
  </ToolTips>
  <Layout>
    <MainMenu>True</MainMenu>
    <ButtonBar Enabled="True">
      <FlatIcons>True</FlatIcons>
      <ButtonHeight>32</ButtonHeight>
      <IconSize>32</IconSize>
      <ShowCaptions>False</ShowCaptions>
      <ReportErrorWithCommands>False</ReportErrorWithCommands>
      <FilenameStyle>1</FilenameStyle>
      <PathToBeRelativeTo>%COMMANDER_PATH%</PathToBeRelativeTo>
      <PathModifierElements>1</PathModifierElements>
    </ButtonBar>
    <MiddleBar Enabled="True">
      <FlatIcons>True</FlatIcons>
      <ButtonHeight>32</ButtonHeight>
      <IconSize>32</IconSize>
      <ShowCaptions>False</ShowCaptions>
      <ReportErrorWithCommands>False</ReportErrorWithCommands>
    </MiddleBar>
    <DriveBar1>True</DriveBar1>
    <DriveBar2>True</DriveBar2>
    <DriveBarFlat>True</DriveBarFlat>
    <DrivesListButton Enabled="True">
      <ShowLabel>True</ShowLabel>
      <ShowFileSystem>True</ShowFileSystem>
      <ShowFreeSpace>True</ShowFreeSpace>
    </DrivesListButton>
    <SeparateTree>False</SeparateTree>
    <DirectoryTabs>True</DirectoryTabs>
    <CurrentDirectory>True</CurrentDirectory>
    <TabHeader>True</TabHeader>
    <StatusBar>True</StatusBar>
    <CmdLine>True</CmdLine>
    <LogWindow>False</LogWindow>
    <TermWindow>False</TermWindow>
    <KeyButtons>True</KeyButtons>
    <InterfaceFlat>True</InterfaceFlat>
    <DriveFreeSpace>True</DriveFreeSpace>
    <DriveIndicator>False</DriveIndicator>
    <ProgressInMenuBar>True</ProgressInMenuBar>
    <PanelOfOperationsInBackground>True</PanelOfOperationsInBackground>
    <HorizontalFilePanels>False</HorizontalFilePanels>
    <ShortFormatDriveInfo>False</ShortFormatDriveInfo>
    <UppercaseDriveLetter>False</UppercaseDriveLetter>
    <ShowColonAfterDrive>False</ShowColonAfterDrive>
  </Layout>
  <FilesViews>
    <Sorting>
      <CaseSensitivity>0</CaseSensitivity>
      <NaturalSorting>True</NaturalSorting>
      <SpecialSorting>False</SpecialSorting>
      <SortFolderMode>1</SortFolderMode>
      <NewFilesPosition>3</NewFilesPosition>
      <UpdatedFilesPosition>2</UpdatedFilesPosition>
    </Sorting>
    <ColumnsView>
      <LongInStatus>False</LongInStatus>
      <AutoSaveWidth>True</AutoSaveWidth>
      <TitleStyle>1</TitleStyle>
    </ColumnsView>
    <BriefView>
      <FileExtAligned>False</FileExtAligned>
      <Columns>
        <FixedWidth>100</FixedWidth>
        <FixedCount>2</FixedCount>
        <AutoSize>2</AutoSize>
      </Columns>
    </BriefView>
    <ExtraLineSpan>2</ExtraLineSpan>
    <FolderPrefix>[</FolderPrefix>
    <FolderPostfix>]</FolderPostfix>
    <RenameConfirmMouse>False</RenameConfirmMouse>
  </FilesViews>
  <Keyboard>
    <Typing>
      <Actions>
        <NoModifier>3</NoModifier>
        <Alt>0</Alt>
        <CtrlAlt>0</CtrlAlt>
      </Actions>
    </Typing>
  </Keyboard>
  <FileOperations>
    <BufferSize>524288</BufferSize>
    <LongNameAlert>True</LongNameAlert>
    <HashBufferSize>8388608</HashBufferSize>
    <UseMmapInSearch>False</UseMmapInSearch>
    <PartialNameSearch>True</PartialNameSearch>
    <InitiallyClearFileMask>True</InitiallyClearFileMask>
    <NewSearchClearFiltersAction>0</NewSearchClearFiltersAction>
    <ShowMenuBarInFindFiles>True</ShowMenuBarInFindFiles>
    <WipePassNumber>1</WipePassNumber>
    <DropReadOnlyFlag>False</DropReadOnlyFlag>
    <ProcessComments>True</ProcessComments>
    <RenameSelOnlyName>True</RenameSelOnlyName>
    <ShowCopyTabSelectPanel>False</ShowCopyTabSelectPanel>
    <UseTrash>True</UseTrash>
    <SkipFileOpError>False</SkipFileOpError>
    <TypeOfDuplicatedRename>1</TypeOfDuplicatedRename>
    <DefaultDropEffect>True</DefaultDropEffect>
    <ShowDialogOnDragDrop>True</ShowDialogOnDragDrop>
    <DragAndDropTextRichtextDesireLevel>0</DragAndDropTextRichtextDesireLevel>
    <DragAndDropTextHtmlDesireLevel>1</DragAndDropTextHtmlDesireLevel>
    <DragAndDropTextUnicodeDesireLevel>2</DragAndDropTextUnicodeDesireLevel>
    <DragAndDropTextSimpletextDesireLevel>3</DragAndDropTextSimpletextDesireLevel>
    <DragAndDropAskFormatEachTime>False</DragAndDropAskFormatEachTime>
    <DragAndDropTextAutoFilename>False</DragAndDropTextAutoFilename>
    <DragAndDropSaveUnicodeTextInUFT8>True</DragAndDropSaveUnicodeTextInUFT8>
    <NtfsHourTimeDelay>False</NtfsHourTimeDelay>
    <AutoExtractOpenMask/>
    <SearchDefaultTemplate/>
    <ProgressKind>0</ProgressKind>
    <Confirmations>15</Confirmations>
    <Options>
      <Symlink>0</Symlink>
      <CorrectLinks>False</CorrectLinks>
      <CopyOnWrite>2</CopyOnWrite>
      <FileExists>0</FileExists>
      <DirectoryExists>0</DirectoryExists>
      <SetPropertyError>0</SetPropertyError>
      <ReserveSpace>True</ReserveSpace>
      <CheckFreeSpace>True</CheckFreeSpace>
      <CopyAttributes>True</CopyAttributes>
      <CopyXattributes>True</CopyXattributes>
      <Verify>False</Verify>
      <CopyTime>True</CopyTime>
      <CopyOwnership>False</CopyOwnership>
      <CopyPermissions>False</CopyPermissions>
      <ExcludeEmptyTemplateDirectories>True</ExcludeEmptyTemplateDirectories>
    </Options>
    <Extract>
      <Overwrite>False</Overwrite>
    </Extract>
    <MultiRename>
      <MulRenShowMenuBarOnTop>True</MulRenShowMenuBarOnTop>
      <MulRenInvalidCharReplacement>.</MulRenInvalidCharReplacement>
      <MulRenLaunchBehavor>0</MulRenLaunchBehavor>
      <MulRenExitModifiedPreset>0</MulRenExitModifiedPreset>
      <MulRenSaveRenamingLog>0</MulRenSaveRenamingLog>
      <MulRenLogFilename>%DC_CONFIG_PATH%\multirename.log</MulRenLogFilename>
      <MultRenDailyIndividualDirLog>True</MultRenDailyIndividualDirLog>
      <MulRenFilenameWithFullPathInLog>False</MulRenFilenameWithFullPathInLog>
      <MulRenPathRangeSeparator>- </MulRenPathRangeSeparator>
    </MultiRename>
  </FileOperations>
  <Tabs>
    <Options>49937</Options>
    <CharacterLimit>32</CharacterLimit>
    <Position>0</Position>
    <ActionOnDoubleClick>1</ActionOnDoubleClick>
  </Tabs>
  <Log Enabled="False" Count="0" LogFileWithDateInName="False">
    <FileName>%DC_CONFIG_PATH%\doublecmd.log</FileName>
    <Options>1023</Options>
  </Log>
  <Configuration Save="True" SortOrder="1" TreeType="0">
    <FolderTabs Save="True"/>
  </Configuration>
  <History>
    <SearchReplaceHistory Save="True"/>
    <DirHistory Save="True" Count="30"/>
    <CmdLineHistory Save="True"/>
    <FileMaskHistory Save="True"/>
    <VolumeSizeHistory Save="True"/>
    <CreateDirectoriesHistory Save="True"/>
  </History>
  <QuickSearch>
    <MatchBeginning>False</MatchBeginning>
    <MatchEnding>False</MatchEnding>
    <Case>1</Case>
    <Items>2</Items>
  </QuickSearch>
  <QuickFilter>
    <AutoHide>True</AutoHide>
    <SaveSessionModifications>False</SaveSessionModifications>
  </QuickFilter>
  <Miscellaneous>
    <GridVertLine>False</GridVertLine>
    <GridHorzLine>False</GridHorzLine>
    <ShowWarningMessages>True</ShowWarningMessages>
    <SpaceMovesDown>True</SpaceMovesDown>
    <DirBrackets>False</DirBrackets>
    <InplaceRename>True</InplaceRename>
    <InplaceRenameButton>True</InplaceRenameButton>
    <DblClickToParent>False</DblClickToParent>
    <DoubleClickEditPath>False</DoubleClickEditPath>
    <HotDirAddTargetOrNot>False</HotDirAddTargetOrNot>
    <HotDirFullExpandOrNot>False</HotDirFullExpandOrNot>
    <ShowPathInPopup>False</ShowPathInPopup>
    <ShowOnlyValidEnv>True</ShowOnlyValidEnv>
    <WhereToAddNewHotDir>1</WhereToAddNewHotDir>
    <FilenameStyle>0</FilenameStyle>
    <PathToBeRelativeTo>%COMMANDER_PATH%</PathToBeRelativeTo>
    <PathModifierElements>0</PathModifierElements>
    <DefaultTextEncoding>none</DefaultTextEncoding>
    <DecimalSeparator>�</DecimalSeparator>
  </Miscellaneous>
  <Thumbnails Save="True">
    <Width>128</Width>
    <Height>128</Height>
  </Thumbnails>
  <Description>
    <CreateNewUnicode>True</CreateNewUnicode>
    <DefaultEncoding>2</DefaultEncoding>
    <CreateNewEncoding>4</CreateNewEncoding>
  </Description>
  <AutoRefresh>
    <Options>3</Options>
    <ExcludeDirs/>
    <Mode>1</Mode>
  </AutoRefresh>
  <Icons>
    <Theme>dctheme</Theme>
    <ShowHiddenDimmed>True</ShowHiddenDimmed>
    <ShowMode>3</ShowMode>
    <ShowOverlays>True</ShowOverlays>
    <Size>32</Size>
    <DiskSize>24</DiskSize>
    <DiskAlpha>50</DiskAlpha>
    <ToolSize>24</ToolSize>
    <Exclude>False</Exclude>
    <ExcludeDirs/>
    <CustomIcons>0</CustomIcons>
    <PixelsPerInch>144</PixelsPerInch>
    <ShowInMenus Enabled="True">
      <Size>16</Size>
    </ShowInMenus>
    <ShowButtonGlyphs>0</ShowButtonGlyphs>
  </Icons>
  <IgnoreList Enabled="True">
    <IgnoreListFile>%DC_CONFIG_PATH%\ignorelist.txt</IgnoreListFile>
  </IgnoreList>
  <DirectoryHotList>
    <HotDir Name="桌面" Path="%$DESKTOP%"/>
    <HotDir Name="%Temp%" Path="%TEMP%"/>
    <HotDir Name="TEMP" Path="C:\TEMP"/>
    <HotDir Name="Downloads" Path="D:\Downloads"/>
    <HotDir Name="private" Path="D:\Downloads\private"/>
    <HotDir Name="soft" Path="D:\soft"/>
    <HotDir Name="Program Files" Path="D:\Program Files"/>
    <HotDir Name="我的文档" Path="%$PERSONAL%"/>
    <HotDir Name="启动" Path="%$STARTUP%"/>
    <HotDir Name="tc" Path="%$COMMANDER_PATH%"/>
    <HotDir Name="开始菜单" Path="%$STARTMENU%"/>
    <HotDir Name="程序" Path="%$PROGRAMS%"/>
    <HotDir Name="APP DATA" Path="%$APPDATA%"/>
    <HotDir Name="&quot;USERPROFILE &quot;" Path="%USERPROFILE%"/>
    <HotDir Name="192.168.0.3" Path="\\192.168.0.3\Downloads"/>
    <HotDir Name="我的坚果云" Path="C:\Users\frankcf\AppData\Roaming\Nutstore\.nutstore_Z3VpdGFyYnVnQGdtYWlsLmNvbQ==\我的坚果云"/>
    <HotDir Name="192.168.69.7" Path="\\192.168.69.7\debian7"/>
    <HotDir Name="192.168.69.9" Path="\\192.168.69.9"/>
  </DirectoryHotList>
  <Viewer>
    <PreviewVisible>False</PreviewVisible>
    <ImageStretch>False</ImageStretch>
    <ImageExifRotate>True</ImageExifRotate>
    <ImageStretchLargeOnly>True</ImageStretchLargeOnly>
    <ImageShowTransparency>False</ImageShowTransparency>
    <ImageCenter>True</ImageCenter>
    <CopyMovePath1/>
    <CopyMovePath2/>
    <CopyMovePath3/>
    <CopyMovePath4/>
    <CopyMovePath5/>
    <PaintMode>0</PaintMode>
    <PaintWidth>5</PaintWidth>
    <NumberOfColumns>1</NumberOfColumns>
    <TabSpaces>8</TabSpaces>
    <MaxCodeSize>128</MaxCodeSize>
    <MaxTextWidth>1024</MaxTextWidth>
    <ViewerMode>1</ViewerMode>
    <PrintMargins>200|200|200|200</PrintMargins>
    <ShowCaret>False</ShowCaret>
    <WrapText>False</WrapText>
    <LeftMargin>4</LeftMargin>
    <ExtraLineSpan>0</ExtraLineSpan>
    <PaintColor>255</PaintColor>
    <TextPosition>0</TextPosition>
    <AutoCopy>True</AutoCopy>
    <SynEditMask>*</SynEditMask>
    <JpegQuality>80</JpegQuality>
  </Viewer>
  <Editor>
    <EditWaitTime>2000</EditWaitTime>
    <SynEditOptions>856075</SynEditOptions>
    <SynEditTabWidth>4</SynEditTabWidth>
    <SynEditRightEdge>80</SynEditRightEdge>
    <SynEditBlockIndent>2</SynEditBlockIndent>
    <FindWordAtCursor>True</FindWordAtCursor>
  </Editor>
  <Differ>
    <IgnoreCase>False</IgnoreCase>
    <AutoCompare>True</AutoCompare>
    <KeepScrolling>True</KeepScrolling>
    <PaintBackground>True</PaintBackground>
    <LineDifferences>False</LineDifferences>
    <IgnoreWhiteSpace>False</IgnoreWhiteSpace>
  </Differ>
  <SyncDirs>
    <Subdirs>True</Subdirs>
    <ByContent>True</ByContent>
    <Asymmetric Save="False">False</Asymmetric>
    <IgnoreDate>False</IgnoreDate>
    <FilterCopyRight>True</FilterCopyRight>
    <FilterEqual>True</FilterEqual>
    <FilterNotEqual>True</FilterNotEqual>
    <FilterUnknown>True</FilterUnknown>
    <FilterCopyLeft>True</FilterCopyLeft>
    <FilterDuplicates>True</FilterDuplicates>
    <FilterSingles>True</FilterSingles>
    <FileMask Save="True">*</FileMask>
    <DateTimeFormat>yyyy.mm.dd hh:nn:ss</DateTimeFormat>
  </SyncDirs>
  <InternalAssociations>
    <OfferToAddNewFileType>False</OfferToAddNewFileType>
    <LastCustomAction>Custom action</LastCustomAction>
    <ExpandedContextMenu>False</ExpandedContextMenu>
    <DefaultContextActions>True</DefaultContextActions>
    <ExecuteViaShell>False</ExecuteViaShell>
    <OpenSystemWithTerminalClose>False</OpenSystemWithTerminalClose>
    <OpenSystemWithTerminalStayOpen>False</OpenSystemWithTerminalStayOpen>
    <IncludeFileAssociation>False</IncludeFileAssociation>
    <FilenameStyle>0</FilenameStyle>
    <PathToBeRelativeTo>%COMMANDER_PATH%</PathToBeRelativeTo>
    <PathModifierElements>0</PathModifierElements>
  </InternalAssociations>
  <TreeViewMenu>
    <UseTVMDirectoryHotlistFMC>False</UseTVMDirectoryHotlistFMC>
    <UseTVMDirectoryHotlistFDC>False</UseTVMDirectoryHotlistFDC>
    <UseTVMFavoriteTabsFMC>False</UseTVMFavoriteTabsFMC>
    <UseTVMFavoriteTabsFDC>False</UseTVMFavoriteTabsFDC>
    <UseTVMDirHistory>False</UseTVMDirHistory>
    <UseTVMViewHistory>False</UseTVMViewHistory>
    <UseTVMCommandLineHistory>False</UseTVMCommandLineHistory>
    <TreeViewMenuShortcutExit>True</TreeViewMenuShortcutExit>
    <TreeViewMenuSingleClickExit>True</TreeViewMenuSingleClickExit>
    <TreeViewMenuDoubleClickExit>True</TreeViewMenuDoubleClickExit>
    <Context00>
      <CaseSensitive>False</CaseSensitive>
      <IgnoreAccents>True</IgnoreAccents>
      <ShowWholeBranchIfMatch>False</ShowWholeBranchIfMatch>
    </Context00>
    <Context01>
      <CaseSensitive>False</CaseSensitive>
      <IgnoreAccents>True</IgnoreAccents>
      <ShowWholeBranchIfMatch>False</ShowWholeBranchIfMatch>
    </Context01>
    <Context02>
      <CaseSensitive>False</CaseSensitive>
      <IgnoreAccents>True</IgnoreAccents>
      <ShowWholeBranchIfMatch>False</ShowWholeBranchIfMatch>
    </Context02>
    <Context03>
      <CaseSensitive>False</CaseSensitive>
      <IgnoreAccents>True</IgnoreAccents>
      <ShowWholeBranchIfMatch>False</ShowWholeBranchIfMatch>
    </Context03>
    <Context04>
      <CaseSensitive>False</CaseSensitive>
      <IgnoreAccents>True</IgnoreAccents>
      <ShowWholeBranchIfMatch>False</ShowWholeBranchIfMatch>
    </Context04>
    <Context05>
      <CaseSensitive>False</CaseSensitive>
      <IgnoreAccents>True</IgnoreAccents>
      <ShowWholeBranchIfMatch>False</ShowWholeBranchIfMatch>
    </Context05>
    <Context06>
      <CaseSensitive>False</CaseSensitive>
      <IgnoreAccents>True</IgnoreAccents>
      <ShowWholeBranchIfMatch>False</ShowWholeBranchIfMatch>
    </Context06>
    <TreeViewMenuUseKeyboardShortcut>True</TreeViewMenuUseKeyboardShortcut>
  </TreeViewMenu>
  <FavoriteTabsOptions>
    <FavoriteTabsUseRestoreExtraOptions>False</FavoriteTabsUseRestoreExtraOptions>
    <WhereToAdd>1</WhereToAdd>
    <Expand>True</Expand>
    <GotoConfigAftSav>False</GotoConfigAftSav>
    <GotoConfigAftReSav>False</GotoConfigAftReSav>
    <DfltLeftGoTo>0</DfltLeftGoTo>
    <DfltRightGoTo>1</DfltRightGoTo>
    <DfltKeep>5</DfltKeep>
    <DfltSaveDirHistory>False</DfltSaveDirHistory>
    <FavTabsLastUniqueID>{241CB6FB-69FD-42AC-BCD5-D3BAC63287D5}</FavTabsLastUniqueID>
  </FavoriteTabsOptions>
  <Lua>
    <PathToLibrary>lua5.1.dll</PathToLibrary>
  </Lua>
  <NameShortcutFile>shortcuts.scf</NameShortcutFile>
  <HotKeySortOrder>0</HotKeySortOrder>
  <UseEnterToCloseHotKeyEditor>True</UseEnterToCloseHotKeyEditor>
  <LastUsedPacker>zip</LastUsedPacker>
  <LastDoAnyCommand>cm_Refresh</LastDoAnyCommand>
  <MarkMaskCaseSensitive>False</MarkMaskCaseSensitive>
  <MarkMaskIgnoreAccents>False</MarkMaskIgnoreAccents>
  <MarkMaskFilterWindows>False</MarkMaskFilterWindows>
  <MarkShowWantedAttribute>False</MarkShowWantedAttribute>
  <MarkDefaultWantedAttribute/>
  <MarkLastWantedAttribute/>
  <SearchTemplates/>
  <ColumnsSets DefaultTitleHash="4226688076">
    <ColumnsSet UseFrameCursor="True">
      <Name>Default</Name>
      <Unique>3FDBE1CE-62C4-4F1C-A7F7-AB274AC4B7C2</Unique>
      <CustomView>False</CustomView>
      <FileSystem>&lt;General&gt;</FileSystem>
      <PixelsPerInch>144</PixelsPerInch>
      <CursorBorder Enabled="False"/>
      <Columns>
        <Column>
          <Title>名称</Title>
          <Unique>9F97F088-26A2-4D60-AE7A-9BC748042C9F</Unique>
          <FuncString>[DC().GETFILENAMENOEXT{}]</FuncString>
          <Width>469</Width>
          <Align>0</Align>
          <Font>
            <Name>Microsoft Sans Serif</Name>
            <Size>8</Size>
            <Style>1</Style>
            <Quality>0</Quality>
          </Font>
          <UseInvertedSelection>True</UseInvertedSelection>
          <UseInactiveSelColor>False</UseInactiveSelColor>
          <Overcolor>True</Overcolor>
        </Column>
        <Column>
          <Title>扩展名</Title>
          <Unique>A83E0FA0-C570-484B-BF9E-7C9B305C37CD</Unique>
          <FuncString>[DC().GETFILEEXT{}]</FuncString>
          <Width>67</Width>
          <Align>0</Align>
          <Font>
            <Name>Microsoft Sans Serif</Name>
            <Size>8</Size>
            <Style>1</Style>
            <Quality>0</Quality>
          </Font>
          <UseInvertedSelection>True</UseInvertedSelection>
          <UseInactiveSelColor>False</UseInactiveSelColor>
          <Overcolor>True</Overcolor>
        </Column>
        <Column>
          <Title>大小</Title>
          <Unique>14950CBA-15B2-4B8B-B1CF-F94F8C91F15E</Unique>
          <FuncString>[DC().GETFILESIZE{}]</FuncString>
          <Width>75</Width>
          <Align>1</Align>
          <Font>
            <Name>Microsoft Sans Serif</Name>
            <Size>8</Size>
            <Style>1</Style>
            <Quality>0</Quality>
          </Font>
          <UseInvertedSelection>True</UseInvertedSelection>
          <UseInactiveSelColor>False</UseInactiveSelColor>
          <Overcolor>True</Overcolor>
        </Column>
        <Column>
          <Title>日期</Title>
          <Unique>328D0A37-16BA-4E4E-9967-EEB3790D0DA1</Unique>
          <FuncString>[DC().GETFILETIME{}]</FuncString>
          <Width>210</Width>
          <Align>1</Align>
          <Font>
            <Name>Microsoft Sans Serif</Name>
            <Size>8</Size>
            <Style>1</Style>
            <Quality>0</Quality>
          </Font>
          <UseInvertedSelection>True</UseInvertedSelection>
          <UseInactiveSelColor>False</UseInactiveSelColor>
          <Overcolor>True</Overcolor>
        </Column>
        <Column>
          <Title>属性</Title>
          <Unique>2537C27F-9A3F-4A13-A43F-F0129506A4C7</Unique>
          <FuncString>[DC().GETFILEATTR{}]</FuncString>
          <Width>81</Width>
          <Align>0</Align>
          <Font>
            <Name>Microsoft Sans Serif</Name>
            <Size>8</Size>
            <Style>1</Style>
            <Quality>0</Quality>
          </Font>
          <UseInvertedSelection>True</UseInvertedSelection>
          <UseInactiveSelColor>False</UseInactiveSelColor>
          <Overcolor>True</Overcolor>
        </Column>
      </Columns>
    </ColumnsSet>
  </ColumnsSets>
  <Plugins>
    <DsxPlugins/>
    <WcxPlugins>
      <WcxPlugin Enabled="True">
        <ArchiveExt>zip</ArchiveExt>
        <Path>%commander_path%\plugins\wcx\zip\zip.wcx</Path>
        <Flags>735</Flags>
      </WcxPlugin>
      <WcxPlugin Enabled="True">
        <ArchiveExt>jar</ArchiveExt>
        <Path>%commander_path%\plugins\wcx\zip\zip.wcx</Path>
        <Flags>990</Flags>
      </WcxPlugin>
      <WcxPlugin Enabled="True">
        <ArchiveExt>7z</ArchiveExt>
        <Path>%commander_path%\plugins\wcx\sevenzip\sevenzip.wcx</Path>
        <Flags>607</Flags>
      </WcxPlugin>
      <WcxPlugin Enabled="True">
        <ArchiveExt>tar</ArchiveExt>
        <Path>%commander_path%\plugins\wcx\zip\zip.wcx</Path>
        <Flags>223</Flags>
      </WcxPlugin>
      <WcxPlugin Enabled="True">
        <ArchiveExt>bz2</ArchiveExt>
        <Path>%commander_path%\plugins\wcx\zip\zip.wcx</Path>
        <Flags>91</Flags>
      </WcxPlugin>
      <WcxPlugin Enabled="True">
        <ArchiveExt>tbz</ArchiveExt>
        <Path>%commander_path%\plugins\wcx\zip\zip.wcx</Path>
        <Flags>95</Flags>
      </WcxPlugin>
      <WcxPlugin Enabled="True">
        <ArchiveExt>gz</ArchiveExt>
        <Path>%commander_path%\plugins\wcx\zip\zip.wcx</Path>
        <Flags>91</Flags>
      </WcxPlugin>
      <WcxPlugin Enabled="True">
        <ArchiveExt>tgz</ArchiveExt>
        <Path>%commander_path%\plugins\wcx\zip\zip.wcx</Path>
        <Flags>95</Flags>
      </WcxPlugin>
      <WcxPlugin Enabled="True">
        <ArchiveExt>lzma</ArchiveExt>
        <Path>%commander_path%\plugins\wcx\zip\zip.wcx</Path>
        <Flags>1</Flags>
      </WcxPlugin>
      <WcxPlugin Enabled="True">
        <ArchiveExt>tlz</ArchiveExt>
        <Path>%commander_path%\plugins\wcx\zip\zip.wcx</Path>
        <Flags>95</Flags>
      </WcxPlugin>
      <WcxPlugin Enabled="True">
        <ArchiveExt>xz</ArchiveExt>
        <Path>%commander_path%\plugins\wcx\zip\zip.wcx</Path>
        <Flags>91</Flags>
      </WcxPlugin>
      <WcxPlugin Enabled="True">
        <ArchiveExt>zst</ArchiveExt>
        <Path>%commander_path%\plugins\wcx\zip\zip.wcx</Path>
        <Flags>91</Flags>
      </WcxPlugin>
      <WcxPlugin Enabled="True">
        <ArchiveExt>txz</ArchiveExt>
        <Path>%commander_path%\plugins\wcx\zip\zip.wcx</Path>
        <Flags>95</Flags>
      </WcxPlugin>
      <WcxPlugin Enabled="True">
        <ArchiveExt>zipx</ArchiveExt>
        <Path>%commander_path%\plugins\wcx\zip\zip.wcx</Path>
        <Flags>223</Flags>
      </WcxPlugin>
      <WcxPlugin Enabled="True">
        <ArchiveExt>cpio</ArchiveExt>
        <Path>%commander_path%\plugins\wcx\sevenzip\sevenzip.wcx</Path>
        <Flags>4</Flags>
      </WcxPlugin>
      <WcxPlugin Enabled="True">
        <ArchiveExt>deb</ArchiveExt>
        <Path>%commander_path%\plugins\wcx\sevenzip\sevenzip.wcx</Path>
        <Flags>4</Flags>
      </WcxPlugin>
      <WcxPlugin Enabled="True">
        <ArchiveExt>arj</ArchiveExt>
        <Path>%commander_path%\plugins\wcx\sevenzip\sevenzip.wcx</Path>
        <Flags>4</Flags>
      </WcxPlugin>
      <WcxPlugin Enabled="True">
        <ArchiveExt>cab</ArchiveExt>
        <Path>%commander_path%\plugins\wcx\sevenzip\sevenzip.wcx</Path>
        <Flags>4</Flags>
      </WcxPlugin>
      <WcxPlugin Enabled="True">
        <ArchiveExt>cramfs</ArchiveExt>
        <Path>%commander_path%\plugins\wcx\sevenzip\sevenzip.wcx</Path>
        <Flags>4</Flags>
      </WcxPlugin>
      <WcxPlugin Enabled="True">
        <ArchiveExt>dmg</ArchiveExt>
        <Path>%commander_path%\plugins\wcx\sevenzip\sevenzip.wcx</Path>
        <Flags>4</Flags>
      </WcxPlugin>
      <WcxPlugin Enabled="True">
        <ArchiveExt>fat</ArchiveExt>
        <Path>%commander_path%\plugins\wcx\sevenzip\sevenzip.wcx</Path>
        <Flags>4</Flags>
      </WcxPlugin>
      <WcxPlugin Enabled="True">
        <ArchiveExt>hfs</ArchiveExt>
        <Path>%commander_path%\plugins\wcx\sevenzip\sevenzip.wcx</Path>
        <Flags>4</Flags>
      </WcxPlugin>
      <WcxPlugin Enabled="True">
        <ArchiveExt>iso</ArchiveExt>
        <Path>%commander_path%\plugins\wcx\sevenzip\sevenzip.wcx</Path>
        <Flags>4</Flags>
      </WcxPlugin>
      <WcxPlugin Enabled="True">
        <ArchiveExt>lha</ArchiveExt>
        <Path>%commander_path%\plugins\wcx\sevenzip\sevenzip.wcx</Path>
        <Flags>4</Flags>
      </WcxPlugin>
      <WcxPlugin Enabled="True">
        <ArchiveExt>lzh</ArchiveExt>
        <Path>%commander_path%\plugins\wcx\sevenzip\sevenzip.wcx</Path>
        <Flags>4</Flags>
      </WcxPlugin>
      <WcxPlugin Enabled="True">
        <ArchiveExt>ntfs</ArchiveExt>
        <Path>%commander_path%\plugins\wcx\sevenzip\sevenzip.wcx</Path>
        <Flags>4</Flags>
      </WcxPlugin>
      <WcxPlugin Enabled="True">
        <ArchiveExt>squashfs</ArchiveExt>
        <Path>%commander_path%\plugins\wcx\sevenzip\sevenzip.wcx</Path>
        <Flags>4</Flags>
      </WcxPlugin>
      <WcxPlugin Enabled="True">
        <ArchiveExt>taz</ArchiveExt>
        <Path>%commander_path%\plugins\wcx\sevenzip\sevenzip.wcx</Path>
        <Flags>4</Flags>
      </WcxPlugin>
      <WcxPlugin Enabled="True">
        <ArchiveExt>vhd</ArchiveExt>
        <Path>%commander_path%\plugins\wcx\sevenzip\sevenzip.wcx</Path>
        <Flags>4</Flags>
      </WcxPlugin>
      <WcxPlugin Enabled="True">
        <ArchiveExt>wim</ArchiveExt>
        <Path>%commander_path%\plugins\wcx\sevenzip\sevenzip.wcx</Path>
        <Flags>85</Flags>
      </WcxPlugin>
      <WcxPlugin Enabled="True">
        <ArchiveExt>xar</ArchiveExt>
        <Path>%commander_path%\plugins\wcx\sevenzip\sevenzip.wcx</Path>
        <Flags>4</Flags>
      </WcxPlugin>
      <WcxPlugin Enabled="True">
        <ArchiveExt>z</ArchiveExt>
        <Path>%commander_path%\plugins\wcx\sevenzip\sevenzip.wcx</Path>
        <Flags>4</Flags>
      </WcxPlugin>
      <WcxPlugin Enabled="True">
        <ArchiveExt>rpm</ArchiveExt>
        <Path>%commander_path%\plugins\wcx\rpm\rpm.wcx</Path>
        <Flags>4</Flags>
      </WcxPlugin>
      <WcxPlugin Enabled="True">
        <ArchiveExt>rar</ArchiveExt>
        <Path>%commander_path%\plugins\wcx\unrar\unrar.wcx</Path>
        <Flags>607</Flags>
      </WcxPlugin>
      <WcxPlugin Enabled="True">
        <ArchiveExt>b64</ArchiveExt>
        <Path>%commander_path%\plugins\wcx\base64\base64.wcx</Path>
        <Flags>1</Flags>
      </WcxPlugin>
    </WcxPlugins>
    <WdxPlugins>
      <WdxPlugin>
        <Name>deb_wdx</Name>
        <Path>%commander_path%\plugins\wdx\deb_wdx\deb_wdx.wdx</Path>
        <DetectString>EXT="DEB"</DetectString>
      </WdxPlugin>
      <WdxPlugin>
        <Name>rpm_wdx</Name>
        <Path>%commander_path%\plugins\wdx\rpm_wdx\rpm_wdx.wdx</Path>
        <DetectString>EXT="RPM"</DetectString>
      </WdxPlugin>
      <WdxPlugin>
        <Name>audioinfo</Name>
        <Path>%commander_path%\plugins\wdx\audioinfo\audioinfo.wdx</Path>
        <DetectString>(EXT="MP3") | (EXT="MP2") | (EXT="MP1") | (EXT="OGG") | (EXT="WMA") | (EXT="WAV") | (EXT="VQF") | (EXT="AAC") | (EXT="APE") | (EXT="MPC") | (EXT="FLAC") | (EXT="CDA") | (EXT="TTA") | (EXT="AC3") | (EXT="DTS") | (EXT="WV") | (EXT="WVC") | (EXT="OFR") | (EXT="OFS") | (EXT="M4A") | (EXT="MP4") | (EXT="OPUS")</DetectString>
      </WdxPlugin>
    </WdxPlugins>
    <WfxPlugins>
      <WfxPlugin Enabled="True">
        <Name>FTP</Name>
        <Path>%commander_path%\plugins\wfx\ftp\ftp.wfx</Path>
      </WfxPlugin>
    </WfxPlugins>
    <WlxPlugins>
      <WlxPlugin Enabled="True">
        <Name>richview</Name>
        <Path>%commander_path%\plugins\wlx\richview\richview.wlx</Path>
        <DetectString>EXT="RTF"</DetectString>
      </WlxPlugin>
      <WlxPlugin Enabled="True">
        <Name>preview</Name>
        <Path>%commander_path%\plugins\wlx\preview\preview.wlx</Path>
        <DetectString>(EXT="HTM")|(EXT="HTML")|(EXT="MHT")|(EXT="MHTML")</DetectString>
      </WlxPlugin>
      <WlxPlugin Enabled="True">
        <Name>wmp</Name>
        <Path>%commander_path%\plugins\wlx\wmp\wmp.wlx</Path>
        <DetectString>(EXT="WAV")|(EXT="MP3")|(EXT="WMA")|(EXT="MP4")|(EXT="AVI")|(EXT="WMV")</DetectString>
      </WlxPlugin>
    </WlxPlugins>
    <TweakPluginWidth0>0</TweakPluginWidth0>
    <TweakPluginHeight0>0</TweakPluginHeight0>
    <TweakPluginWidth1>0</TweakPluginWidth1>
    <TweakPluginHeight1>0</TweakPluginHeight1>
    <TweakPluginWidth2>0</TweakPluginWidth2>
    <TweakPluginHeight2>0</TweakPluginHeight2>
    <TweakPluginWidth3>613</TweakPluginWidth3>
    <TweakPluginHeight3>242</TweakPluginHeight3>
    <TweakPluginWidth4>0</TweakPluginWidth4>
    <TweakPluginHeight4>0</TweakPluginHeight4>
    <AutoTweak>False</AutoTweak>
    <WCXConfigViewMode>0</WCXConfigViewMode>
    <PluginFilenameStyle>0</PluginFilenameStyle>
    <PluginPathToBeRelativeTo>%COMMANDER_PATH%</PluginPathToBeRelativeTo>
  </Plugins>
  <MultiRenamePresets>
    <LastPreset>{BC322BF1-2185-47F6-9F99-D27ED1E23E53}</LastPreset>
    <Presets>
      <Preset>
        <Name>{BC322BF1-2185-47F6-9F99-D27ED1E23E53}</Name>
        <Filename>[N]</Filename>
        <Extension>[E]</Extension>
        <FilenameStyle>0</FilenameStyle>
        <ExtensionStyle>0</ExtensionStyle>
        <Find/>
        <Replace/>
        <RegExp>False</RegExp>
        <UseSubs>False</UseSubs>
        <CaseSensitive>False</CaseSensitive>
        <OnlyFirst>False</OnlyFirst>
        <Counter>1</Counter>
        <Interval>1</Interval>
        <Width>0</Width>
        <Log>
          <Enabled>False</Enabled>
          <Append>False</Append>
          <File/>
        </Log>
      </Preset>
    </Presets>
  </MultiRenamePresets>
  <TCSection>
    <TCExecutableFilename>D:\totalcmd\TOTALCMD64.EXE</TCExecutableFilename>
    <TCConfigFilename>D:\totalcmd\wincmd.ini</TCConfigFilename>
    <TCToolbarPath>D:\totalcmd</TCToolbarPath>
  </TCSection>
</doublecmd>
