<?xml version="1.0" encoding="UTF-8"?>
<doublecmd>
  <Tabs>
    <OpenedTabs>
      <Left>
        <ActiveTab>0</ActiveTab>
        <Tab>
          <FileView Type="columns">
            <Sortings>
              <Sorting>
                <Direction>1</Direction>
                <Function>12</Function>
              </Sorting>
            </Sortings>
            <History>
              <Entry Active="True">
                <FileSource Type="FileSystem"/>
                <Paths>
                  <Path Filename="..">D:\doublecmd\</Path>
                </Paths>
              </Entry>
            </History>
            <ColumnsView>
              <ColumnsSet>Default</ColumnsSet>
            </ColumnsView>
          </FileView>
        </Tab>
      </Left>
      <Right>
        <ActiveTab>0</ActiveTab>
        <Tab>
          <FileView Type="columns">
            <Sortings>
              <Sorting>
                <Direction>1</Direction>
                <Function>12</Function>
              </Sorting>
            </Sortings>
            <History>
              <Entry Active="True">
                <FileSource Type="FileSystem"/>
                <Paths>
                  <Path Filename="..">D:\doublecmd\</Path>
                </Paths>
              </Entry>
            </History>
            <ColumnsView>
              <ColumnsSet>Default</ColumnsSet>
            </ColumnsView>
          </FileView>
        </Tab>
      </Right>
    </OpenedTabs>
  </Tabs>
</doublecmd>
